Results Table 1,,,,,,,,,,,,,
,Specimen label,Thickness,Width,Length,Rate 1,,,,,,,,
,,(mm),(mm),(mm),(mm/min),,,,,,,,
1,HDPE-1,3.3,12.83,100,25.4,,,,,,,,
2,HDPE-5,3.3,12.83,83.44,127,,,,,,,,
3,HDPE-20,3.3,12.73,91.19,508,,,,,,,,
,,,,,,,,,,,,,
Results Table 2,,,,,,,,,,,,,
,,,,,,,,,,,,,
,,,,,,,,,,,,,
1,Time,Displacement,Force,,2,Time,Displacement,Force,,3,Time,Displacement,Force
,(s),(mm),(kN),,,(s),(mm),(kN),,,(s),(mm),(kN)
,0,0,-0.0067,,,0,0,0.0039,,,0,0,0.0107
,0.1,0.0125,0.0042,,,0.059,0.0198,0.0252,,,0.042,0.022,0.0317
,0.173,0.036,0.0243,,,0.071,0.0392,0.0457,,,0.05,0.0472,0.0547
,0.212,0.0588,0.0445,,,0.082,0.0605,0.0674,,,0.055,0.0699,0.0748
,0.264,0.0846,0.0647,,,0.093,0.0822,0.089,,,0.06,0.0982,0.0991
,0.33,0.1118,0.0849,,,0.104,0.1032,0.1093,,,0.064,0.1245,0.1211
,0.395,0.1389,0.105,,,0.116,0.1254,0.1303,,,0.068,0.1534,0.145
,0.463,0.1674,0.1251,,,0.128,0.1479,0.1508,,,0.072,0.1846,0.17
,0.534,0.1983,0.1454,,,0.14,0.1717,0.1716,,,0.076,0.2172,0.1954
,0.611,0.2301,0.1655,,,0.152,0.1972,0.1933,,,0.08,0.2509,0.221
,0.69,0.2634,0.1857,,,0.163,0.222,0.214,,,0.084,0.2852,0.2463
,0.768,0.2973,0.2058,,,0.174,0.2477,0.2352,,,0.088,0.3196,0.271
,0.854,0.3331,0.226,,,0.185,0.2739,0.2562,,,0.092,0.3538,0.2952
,0.942,0.3699,0.2461,,,0.196,0.3,0.2764,,,0.096,0.3878,0.3185
,1.03,0.4076,0.2663,,,0.208,0.3279,0.2975,,,0.1,0.4212,0.341
,1.122,0.4465,0.2864,,,0.22,0.355,0.3176,,,0.104,0.4542,0.3626
,1.214,0.486,0.3066,,,0.233,0.3834,0.3382,,,0.108,0.4866,0.3835
,1.313,0.5273,0.3267,,,0.247,0.413,0.3588,,,0.112,0.5187,0.4038
,1.413,0.569,0.3464,,,0.262,0.4441,0.3797,,,0.117,0.5582,0.4283
,1.513,0.612,0.3661,,,0.277,0.4751,0.4001,,,0.122,0.5975,0.452
,1.613,0.6539,0.3847,,,0.292,0.5063,0.4202,,,0.127,0.6366,0.475
,1.713,0.6973,0.4043,,,0.308,0.54,0.4412,,,0.132,0.6759,0.4975
,1.813,0.739,0.4222,,,0.324,0.574,0.4624,,,0.137,0.7154,0.5199
,1.913,0.7819,0.4402,,,0.34,0.608,0.4835,,,0.142,0.7555,0.5421
,2.013,0.8236,0.4571,,,0.356,0.6419,0.504,,,0.147,0.7961,0.5642
,2.113,0.866,0.4735,,,0.373,0.6778,0.5252,,,0.152,0.8373,0.5864
,2.213,0.9083,0.4897,,,0.39,0.7137,0.5463,,,0.157,0.8793,0.6086
,2.313,0.9502,0.5048,,,0.407,0.7498,0.5669,,,0.162,0.9219,0.6305
,2.413,0.9932,0.5209,,,0.425,0.788,0.5878,,,0.167,0.9651,0.6523
,2.513,1.0351,0.5356,,,0.443,0.8262,0.6083,,,0.172,1.0088,0.6738
,2.613,1.0782,0.5505,,,0.462,0.8664,0.6292,,,0.177,1.053,0.695
,2.713,1.1198,0.5639,,,0.481,0.9065,0.6496,,,0.182,1.0975,0.7157
,2.813,1.1626,0.5774,,,0.5,0.9466,0.6697,,,0.187,1.1422,0.7361
,2.913,1.2046,0.5905,,,0.52,0.9888,0.69,,,0.193,1.196,0.7598
,3.013,1.247,0.6034,,,0.541,1.0332,0.7102,,,0.199,1.2498,0.7828
,3.113,1.2895,0.6159,,,0.562,1.0778,0.7305,,,0.205,1.3035,0.8049
,3.213,1.3313,0.6275,,,0.585,1.1267,0.7514,,,0.211,1.3568,0.8259
,3.313,1.3744,0.6394,,,0.608,1.1755,0.7715,,,0.217,1.4099,0.8459
,3.413,1.4161,0.6501,,,0.632,1.2263,0.7917,,,0.224,1.4712,0.8682
,3.513,1.4592,0.6615,,,0.657,1.2791,0.8119,,,0.231,1.532,0.8894
,3.613,1.501,0.672,,,0.684,1.3364,0.8326,,,0.238,1.5922,0.9095
,3.713,1.5434,0.6829,,,0.712,1.3958,0.8533,,,0.246,1.6603,0.9313
,3.813,1.5856,0.6924,,,0.741,1.457,0.8736,,,0.254,1.7279,0.9518
,3.913,1.6278,0.7019,,,0.772,1.5222,0.8941,,,0.263,1.8035,0.9737
,4.013,1.6705,0.7113,,,0.804,1.5897,0.9144,,,0.272,1.8789,0.9946
,4.113,1.7123,0.7203,,,0.837,1.6599,0.9348,,,0.282,1.9626,1.0168
,4.213,1.7551,0.7301,,,0.872,1.7344,0.9549,,,0.292,2.0463,1.038
,4.313,1.7974,0.7387,,,0.909,1.8125,0.9753,,,0.302,2.1304,1.0581
,4.413,1.8402,0.7473,,,0.948,1.8951,0.9957,,,0.313,2.2231,1.0792
,4.513,1.8823,0.7551,,,0.99,1.9844,1.0161,,,0.324,2.316,1.0994
,4.613,1.9241,0.7627,,,1.034,2.077,1.0363,,,0.336,2.4176,1.1207
,4.713,1.9668,0.7712,,,1.08,2.1738,1.0565,,,0.349,2.528,1.1421
,4.813,2.0085,0.7787,,,1.128,2.2757,1.0769,,,0.362,2.6385,1.1625
,4.913,2.0517,0.7865,,,1.179,2.3842,1.097,,,0.376,2.7576,1.1833
,5.013,2.0934,0.7931,,,1.234,2.5005,1.1171,,,0.391,2.8849,1.2038
,5.113,2.1366,0.8007,,,1.293,2.6255,1.1372,,,0.407,3.0206,1.2243
,5.213,2.1783,0.8074,,,1.356,2.7583,1.1573,,,0.424,3.1645,1.2447
,5.313,2.2208,0.8144,,,1.424,2.9023,1.1776,,,0.443,3.3253,1.2656
,5.413,2.2629,0.8212,,,1.497,3.0571,1.1978,,,0.463,3.4946,1.286
,5.513,2.3049,0.8276,,,1.579,3.2309,1.2179,,,0.485,3.6806,1.3061
,5.613,2.3477,0.8337,,,1.668,3.4187,1.2379,,,0.509,3.8836,1.3262
,5.713,2.3898,0.8397,,,1.768,3.6303,1.258,,,0.537,4.1207,1.3466
,5.813,2.433,0.8464,,,1.868,3.8426,1.2754,,,0.569,4.3919,1.3669
,5.913,2.4748,0.8524,,,1.968,4.0542,1.2911,,,0.607,4.7137,1.3869
,6.013,2.5174,0.8584,,,2.068,4.2656,1.3042,,,0.656,5.1281,1.407
,6.113,2.5591,0.8634,,,2.168,4.4773,1.3165,,,0.725,5.7125,1.427
,6.213,2.6014,0.8689,,,2.268,4.6891,1.3271,,,0.825,6.5594,1.4408
,6.313,2.644,0.8742,,,2.368,4.9008,1.3357,,,0.925,7.406,1.4422
,6.413,2.6858,0.8795,,,2.468,5.1122,1.3431,,,1.025,8.2525,1.4329
,6.513,2.7291,0.8856,,,2.568,5.3238,1.3497,,,1.121,9.0652,1.4126
,6.613,2.7709,0.8905,,,2.668,5.5361,1.3552,,,1.177,9.5395,1.3925
,6.713,2.8139,0.896,,,2.768,5.7471,1.3596,,,1.216,9.8699,1.3724
,6.813,2.8556,0.8999,,,2.868,5.9588,1.3632,,,1.246,10.1239,1.3518
,6.913,2.8978,0.9049,,,2.968,6.1708,1.3657,,,1.27,10.327,1.3313
,7.013,2.9405,0.9098,,,3.068,6.3823,1.3679,,,1.29,10.4963,1.3109
,7.113,2.9824,0.9145,,,3.168,6.594,1.3693,,,1.308,10.6487,1.2905
,7.213,3.0254,0.9196,,,3.268,6.8056,1.3695,,,1.324,10.7842,1.2704
,7.313,3.0673,0.9236,,,3.368,7.0172,1.3699,,,1.34,10.9197,1.2498
,7.413,3.1101,0.928,,,3.468,7.2292,1.3695,,,1.356,11.0552,1.229
,7.513,3.1518,0.9321,,,3.568,7.4407,1.3681,,,1.372,11.1907,1.2089
,7.613,3.1947,0.9369,,,3.668,7.6519,1.366,,,1.389,11.3346,1.1889
,7.713,3.2365,0.9408,,,3.768,7.8647,1.363,,,1.408,11.4954,1.1683
,7.813,3.2789,0.9451,,,3.868,8.0756,1.3572,,,1.429,11.6733,1.148
,7.913,3.3214,0.9487,,,3.968,8.2869,1.3473,,,1.452,11.868,1.1279
,8.013,3.3632,0.9522,,,4.04,8.4401,1.327,,,1.478,12.088,1.1076
,8.113,3.4065,0.9564,,,4.073,8.5099,1.3064,,,1.506,12.3251,1.0876
,8.213,3.4481,0.96,,,4.094,8.5542,1.2859,,,1.536,12.5791,1.067
,8.313,3.491,0.9644,,,4.112,8.5922,1.265,,,1.565,12.8245,1.047
,8.413,3.5329,0.9678,,,4.129,8.6282,1.2444,,,1.593,13.0616,1.0265
,8.513,3.5755,0.9713,,,4.146,8.6642,1.2242,,,1.619,13.2817,1.006
,8.613,3.6178,0.9742,,,4.164,8.7024,1.2032,,,1.643,13.4851,0.9856
,8.713,3.6599,0.9776,,,4.181,8.7384,1.1831,,,1.666,13.6799,0.9647
,8.813,3.7025,0.9811,,,4.198,8.7744,1.1624,,,1.689,13.8747,0.9441
,8.913,3.7444,0.9846,,,4.215,8.8103,1.1416,,,1.712,14.0694,0.9241
,9.013,3.7874,0.9884,,,4.232,8.846,1.1207,,,1.738,14.2896,0.9034
,9.113,3.8293,0.9907,,,4.248,8.8796,1.1,,,1.767,14.535,0.8829
,9.213,3.872,0.9938,,,4.263,8.9113,1.0799,,,1.798,14.7973,0.8629
,9.313,3.914,0.9967,,,4.278,8.9432,1.0596,,,1.833,15.0937,0.8424
,9.413,3.9561,0.9997,,,4.293,8.9752,1.0391,,,1.87,15.4071,0.822
,9.513,3.9988,1.0031,,,4.308,9.0072,1.0184,,,1.911,15.754,0.8019
,9.613,4.0404,1.0053,,,4.323,9.0391,0.9976,,,1.958,16.1518,0.7819
,9.713,4.0836,1.0084,,,4.338,9.0709,0.9774,,,2.013,16.6177,0.7616
,9.813,4.1254,1.011,,,4.354,9.1047,0.9567,,,2.07,17.1004,0.7413
,9.913,4.1686,1.0144,,,4.371,9.1406,0.9362,,,2.12,17.5236,0.7212
,10.013,4.2105,1.0167,,,4.389,9.1787,0.9161,,,2.128,17.5913,0.6978
,10.113,4.2529,1.0196,,,4.409,9.221,0.8953,,,2.131,17.6167,0.6673
,10.213,4.2951,1.0219,,,4.43,9.2654,0.8751,,,2.133,17.6337,0.641
,10.313,4.3369,1.0237,,,4.453,9.3141,0.8546,,,2.135,17.6506,0.6107
,10.413,4.3799,1.0265,,,4.477,9.3647,0.8339,,,2.137,17.6676,0.5768
,10.513,4.4217,1.0287,,,4.502,9.4174,0.8137,,,2.139,17.6845,0.54
,10.613,4.465,1.0316,,,4.528,9.4724,0.7933,,,2.141,17.7015,0.5013
,10.713,4.5064,1.0337,,,4.548,9.5149,0.7728,,,2.143,17.7184,0.4616
,10.813,4.5495,1.0362,,,4.562,9.5448,0.7515,,,2.145,17.7354,0.4217
,10.913,4.5913,1.0378,,,4.576,9.5746,0.7308,,,2.147,17.7523,0.3821
,11.013,4.6334,1.0399,,,4.593,9.6106,0.7108,,,2.149,17.7693,0.3435
,11.113,4.6756,1.042,,,4.619,9.6655,0.6902,,,2.151,17.7862,0.3061
,11.213,4.718,1.0442,,,4.656,9.7435,0.6697,,,2.153,17.8032,0.2704
,11.313,4.7611,1.0469,,,4.698,9.8325,0.6494,,,2.155,17.8202,0.2366
,11.413,4.8032,1.0487,,,4.744,9.93,0.6292,,,2.157,17.8371,0.2048
,11.513,4.8459,1.0506,,,4.792,10.031,0.6088,,,2.159,17.8541,0.1752
,11.613,4.8877,1.052,,,4.843,10.1395,0.5887,,,2.161,17.871,0.1479
,11.713,4.93,1.054,,,4.897,10.2538,0.5687,,,2.163,17.888,0.1228
,11.813,4.9724,1.0561,,,4.957,10.3807,0.5487,,,2.165,17.9049,0.1001
,11.913,5.0143,1.0579,,,5.022,10.5183,0.5286,,,2.167,17.9219,0.0796
,12.013,5.0572,1.0597,,,5.096,10.6749,0.5085,,,2.17,17.9473,0.0528
,12.113,5.099,1.0608,,,5.176,10.8444,0.4885,,,2.173,17.9727,0.0306
,12.213,5.1422,1.0629,,,5.269,11.0412,0.4683,,,2.177,18.0066,0.0075
,12.313,5.1839,1.0643,,,5.369,11.2527,0.45,,,2.183,18.0574,-0.0153
,12.413,5.2265,1.0663,,,5.469,11.4646,0.4333,,,2.283,18.9035,-0.0006
,12.513,5.2686,1.0679,,,5.569,11.676,0.4185,,,2.383,19.7503,-0.0019
,12.613,5.3106,1.0691,,,5.669,11.8879,0.4053,,,2.483,20.5971,-0.0014
,12.713,5.3537,1.0707,,,5.769,12.0997,0.3928,,,2.583,21.4436,-0.0015
,12.813,5.3952,1.0715,,,5.869,12.3109,0.3814,,,2.683,22.2904,-0.0015
,12.913,5.4385,1.0735,,,5.969,12.5226,0.3704,,,2.783,23.137,-0.0016
,13.013,5.4801,1.0747,,,6.069,12.7349,0.36,,,2.883,23.9836,-0.0013
,13.113,5.5232,1.0767,,,6.169,12.9458,0.3499,,,2.983,24.8305,-0.0015
,13.213,5.565,1.0777,,,6.269,13.1577,0.3402,,,3.083,25.677,-0.0018
,13.313,5.6074,1.0787,,,6.369,13.37,0.3312,,,3.183,26.5236,-0.0015
,13.413,5.6498,1.0797,,,6.469,13.581,0.3224,,,3.283,27.3703,-0.0017
,13.513,5.6916,1.0811,,,6.569,13.7924,0.3138,,,3.383,28.217,-0.0014
,13.613,5.7347,1.0828,,,6.669,14.0047,0.3055,,,3.483,29.0638,-0.0014
,13.713,5.7764,1.0838,,,6.769,14.2162,0.2972,,,3.583,29.9102,-0.0015
,13.813,5.8195,1.0851,,,6.869,14.4277,0.2894,,,3.683,30.7571,-0.0015
,13.913,5.8608,1.0853,,,6.969,14.6395,0.2816,,,3.783,31.6039,-0.0015
,14.013,5.9041,1.0872,,,7.069,14.8513,0.2745,,,3.883,32.4503,-0.0014
,14.113,5.9461,1.0882,,,7.169,15.0631,0.2674,,,3.983,33.2971,-0.0014
,14.213,5.9883,1.0893,,,7.269,15.2741,0.2601,,,4.083,34.1436,-0.0017
,14.313,6.0305,1.0899,,,7.369,15.486,0.2532,,,4.161,34.804,-0.0014
,14.413,6.0728,1.0908,,,7.469,15.6983,0.2466,,,,,
,14.513,6.1156,1.0918,,,7.569,15.9092,0.2397,,,,,
,14.613,6.1576,1.0925,,,7.669,16.1208,0.2332,,,,,
,14.713,6.2005,1.0944,,,7.769,16.3331,0.2269,,,,,
,14.813,6.2425,1.0949,,,7.869,16.5443,0.2208,,,,,
,14.913,6.2847,1.0957,,,7.969,16.7561,0.2147,,,,,
,15.013,6.3271,1.0962,,,8.069,16.9679,0.2081,,,,,
,15.113,6.3688,1.0966,,,8.169,17.1793,0.2016,,,,,
,15.213,6.4118,1.0981,,,8.269,17.3915,0.1956,,,,,
,15.313,6.4536,1.0987,,,8.369,17.6027,0.1899,,,,,
,15.413,6.497,1.0999,,,8.469,17.8141,0.1842,,,,,
,15.513,6.5388,1.0999,,,8.569,18.0264,0.1785,,,,,
,15.613,6.5814,1.1008,,,8.669,18.2378,0.1727,,,,,
,15.713,6.6233,1.1011,,,8.769,18.449,0.1671,,,,,
,15.813,6.6654,1.1021,,,8.869,18.6615,0.162,,,,,
,15.913,6.7079,1.1029,,,8.969,18.8729,0.1564,,,,,
,16.013,6.75,1.1033,,,9.069,19.0844,0.1515,,,,,
,16.113,6.7932,1.1037,,,9.169,19.2961,0.1463,,,,,
,16.213,6.8348,1.1042,,,9.269,19.508,0.1413,,,,,
,16.313,6.8779,1.1052,,,9.369,19.7196,0.1362,,,,,
,16.413,6.9197,1.1056,,,9.469,19.931,0.1306,,,,,
,16.513,6.9619,1.1063,,,9.569,20.1427,0.1255,,,,,
,16.613,7.0042,1.1063,,,9.669,20.3548,0.1204,,,,,
,16.713,7.0462,1.1064,,,9.769,20.5661,0.1148,,,,,
,16.813,7.0893,1.1074,,,9.869,20.7774,0.1092,,,,,
,16.913,7.1312,1.108,,,9.969,20.9896,0.1034,,,,,
,17.013,7.1744,1.1089,,,10.069,21.2012,0.097,,,,,
,17.113,7.2157,1.1085,,,10.169,21.4125,0.09,,,,,
,17.213,7.2587,1.1093,,,10.269,21.6245,0.0825,,,,,
,17.313,7.3006,1.109,,,10.369,21.8362,0.0741,,,,,
,17.413,7.3429,1.1097,,,10.469,22.0478,0.0636,,,,,
,17.513,7.3855,1.1103,,,10.569,22.2597,0.0492,,,,,
,17.613,7.4273,1.1105,,,10.614,22.3549,0.0284,,,,,
,17.713,7.4704,1.1111,,,10.633,22.3951,0.0078,,,,,
,17.813,7.5122,1.1109,,,10.733,22.6063,-0.0009,,,,,
,17.913,7.555,1.1115,,,10.833,22.8183,-0.0012,,,,,
,18.013,7.5969,1.1115,,,10.933,23.0301,-0.0011,,,,,
,18.113,7.6392,1.1122,,,11.033,23.2416,-0.0013,,,,,
,18.213,7.6818,1.1124,,,11.133,23.4534,-0.001,,,,,
,18.313,7.7236,1.112,,,11.233,23.6645,-0.001,,,,,
,18.413,7.7667,1.1123,,,11.333,23.8767,-0.0009,,,,,
,18.513,7.8083,1.1123,,,11.433,24.0886,-0.0011,,,,,
,18.613,7.8516,1.1133,,,11.486,24.2004,-0.0011,,,,,
,18.713,7.8934,1.1135,,,,,,,,,,
,18.813,7.936,1.1136,,,,,,,,,,
,18.913,7.9781,1.113,,,,,,,,,,
,19.013,8.02,1.113,,,,,,,,,,
,19.113,8.0628,1.1135,,,,,,,,,,
,19.213,8.1045,1.1135,,,,,,,,,,
,19.313,8.1476,1.1142,,,,,,,,,,
,19.413,8.1894,1.1138,,,,,,,,,,
,19.513,8.2325,1.1141,,,,,,,,,,
,19.613,8.2745,1.1137,,,,,,,,,,
,19.713,8.3168,1.1137,,,,,,,,,,
,19.813,8.3589,1.1138,,,,,,,,,,
,19.913,8.4009,1.1142,,,,,,,,,,
,20.013,8.4439,1.1141,,,,,,,,,,
,20.113,8.4859,1.1137,,,,,,,,,,
,20.213,8.529,1.1141,,,,,,,,,,
,20.313,8.5708,1.1138,,,,,,,,,,
,20.413,8.6131,1.1141,,,,,,,,,,
,20.513,8.6554,1.1141,,,,,,,,,,
,20.613,8.6973,1.1137,,,,,,,,,,
,20.713,8.7401,1.1136,,,,,,,,,,
,20.813,8.7817,1.1133,,,,,,,,,,
,20.913,8.8251,1.114,,,,,,,,,,
,21.013,8.867,1.1138,,,,,,,,,,
,21.113,8.9099,1.1137,,,,,,,,,,
,21.213,8.9516,1.1133,,,,,,,,,,
,21.313,8.9938,1.1132,,,,,,,,,,
,21.413,9.0364,1.1131,,,,,,,,,,
,21.513,9.0783,1.113,,,,,,,,,,
,21.613,9.1215,1.1132,,,,,,,,,,
,21.713,9.1631,1.1125,,,,,,,,,,
,21.813,9.2062,1.1126,,,,,,,,,,
,21.913,9.2479,1.112,,,,,,,,,,
,22.013,9.2905,1.1126,,,,,,,,,,
,22.113,9.3325,1.1121,,,,,,,,,,
,22.213,9.3746,1.1118,,,,,,,,,,
,22.313,9.4174,1.1115,,,,,,,,,,
,22.413,9.4594,1.1109,,,,,,,,,,
,22.513,9.5024,1.1113,,,,,,,,,,
,22.613,9.5441,1.111,,,,,,,,,,
,22.713,9.5871,1.1113,,,,,,,,,,
,22.813,9.6292,1.1108,,,,,,,,,,
,22.913,9.6715,1.1101,,,,,,,,,,
,23.013,9.7137,1.1098,,,,,,,,,,
,23.113,9.7557,1.1097,,,,,,,,,,
,23.213,9.7985,1.1098,,,,,,,,,,
,23.313,9.8405,1.1093,,,,,,,,,,
,23.413,9.8834,1.1089,,,,,,,,,,
,23.513,9.9254,1.1087,,,,,,,,,,
,23.613,9.9676,1.1089,,,,,,,,,,
,23.713,10.0102,1.1086,,,,,,,,,,
,23.813,10.0519,1.1081,,,,,,,,,,
,23.913,10.0949,1.1077,,,,,,,,,,
,24.013,10.1362,1.1069,,,,,,,,,,
,24.113,10.1798,1.1072,,,,,,,,,,
,24.213,10.2215,1.1069,,,,,,,,,,
,24.313,10.2649,1.1071,,,,,,,,,,
,24.413,10.3063,1.106,,,,,,,,,,
,24.513,10.3488,1.1058,,,,,,,,,,
,24.613,10.391,1.1054,,,,,,,,,,
,24.713,10.4328,1.1051,,,,,,,,,,
,24.813,10.476,1.1054,,,,,,,,,,
,24.913,10.5177,1.1044,,,,,,,,,,
,25.013,10.5609,1.1045,,,,,,,,,,
,25.113,10.6027,1.1036,,,,,,,,,,
,25.213,10.6453,1.1036,,,,,,,,,,
,25.313,10.6871,1.1032,,,,,,,,,,
,25.413,10.7293,1.103,,,,,,,,,,
,25.513,10.772,1.1022,,,,,,,,,,
,25.613,10.8141,1.1018,,,,,,,,,,
,25.713,10.8572,1.1018,,,,,,,,,,
,25.813,10.899,1.1016,,,,,,,,,,
,25.913,10.9419,1.1016,,,,,,,,,,
,26.013,10.9837,1.1007,,,,,,,,,,
,26.113,11.0258,1.1001,,,,,,,,,,
,26.213,11.0684,1.0996,,,,,,,,,,
,26.313,11.1101,1.0994,,,,,,,,,,
,26.413,11.1532,1.0995,,,,,,,,,,
,26.513,11.1953,1.0991,,,,,,,,,,
,26.613,11.2383,1.0985,,,,,,,,,,
,26.713,11.28,1.0976,,,,,,,,,,
,26.813,11.3222,1.0973,,,,,,,,,,
,26.913,11.3647,1.0974,,,,,,,,,,
,27.013,11.4067,1.0971,,,,,,,,,,
,27.113,11.4498,1.0967,,,,,,,,,,
,27.213,11.4913,1.0956,,,,,,,,,,
,27.313,11.5347,1.0955,,,,,,,,,,
,27.413,11.5761,1.095,,,,,,,,,,
,27.513,11.6192,1.0951,,,,,,,,,,
,27.613,11.6609,1.0941,,,,,,,,,,
,27.713,11.7033,1.0938,,,,,,,,,,
,27.813,11.7456,1.0931,,,,,,,,,,
,27.913,11.7877,1.0926,,,,,,,,,,
,28.013,11.8305,1.0924,,,,,,,,,,
,28.113,11.8725,1.092,,,,,,,,,,
,28.213,11.9154,1.0918,,,,,,,,,,
,28.313,11.9574,1.091,,,,,,,,,,
,28.413,12,1.0907,,,,,,,,,,
,28.513,12.0422,1.0903,,,,,,,,,,
,28.613,12.084,1.09,,,,,,,,,,
,28.713,12.1267,1.0893,,,,,,,,,,
,28.813,12.1686,1.0885,,,,,,,,,,
,28.913,12.2117,1.0881,,,,,,,,,,
,29.013,12.2535,1.0877,,,,,,,,,,
,29.113,12.2963,1.0879,,,,,,,,,,
,29.213,12.3384,1.0872,,,,,,,,,,
,29.313,12.3805,1.0864,,,,,,,,,,
,29.413,12.4231,1.0856,,,,,,,,,,
,29.513,12.4646,1.0851,,,,,,,,,,
,29.613,12.5079,1.0853,,,,,,,,,,
,29.713,12.5498,1.0848,,,,,,,,,,
,29.813,12.5932,1.0844,,,,,,,,,,
,29.913,12.6349,1.0833,,,,,,,,,,
,30.013,12.6773,1.0831,,,,,,,,,,
,30.113,12.7193,1.0827,,,,,,,,,,
,30.213,12.7613,1.0822,,,,,,,,,,
,30.313,12.8042,1.0817,,,,,,,,,,
,30.413,12.8459,1.0807,,,,,,,,,,
,30.513,12.8891,1.0806,,,,,,,,,,
,30.613,12.931,1.0801,,,,,,,,,,
,30.713,12.9739,1.0802,,,,,,,,,,
,30.813,13.0156,1.0794,,,,,,,,,,
,30.913,13.0578,1.0788,,,,,,,,,,
,31.013,13.1002,1.0776,,,,,,,,,,
,31.113,13.1423,1.0776,,,,,,,,,,
,31.213,13.1854,1.0775,,,,,,,,,,
,31.313,13.2275,1.077,,,,,,,,,,
,31.413,13.2702,1.0764,,,,,,,,,,
,31.513,13.3119,1.0756,,,,,,,,,,
,31.613,13.3544,1.0751,,,,,,,,,,
,31.713,13.3966,1.0746,,,,,,,,,,
,31.813,13.4386,1.0742,,,,,,,,,,
,31.913,13.4814,1.0739,,,,,,,,,,
,32.013,13.5234,1.073,,,,,,,,,,
,32.113,13.5667,1.0725,,,,,,,,,,
,32.213,13.6082,1.072,,,,,,,,,,
,32.313,13.6508,1.0716,,,,,,,,,,
,32.413,13.6931,1.0715,,,,,,,,,,
,32.513,13.7351,1.0707,,,,,,,,,,
,32.613,13.7779,1.07,,,,,,,,,,
,32.713,13.8197,1.0692,,,,,,,,,,
,32.813,13.8627,1.0691,,,,,,,,,,
,32.913,13.9043,1.0687,,,,,,,,,,
,33.013,13.9477,1.0683,,,,,,,,,,
,33.113,13.9892,1.0672,,,,,,,,,,
,33.213,14.0319,1.0668,,,,,,,,,,
,33.313,14.074,1.0662,,,,,,,,,,
,33.413,14.1161,1.0659,,,,,,,,,,
,33.513,14.1589,1.0656,,,,,,,,,,
,33.613,14.2006,1.0647,,,,,,,,,,
,33.713,14.2433,1.064,,,,,,,,,,
,33.813,14.2856,1.0634,,,,,,,,,,
,33.913,14.3284,1.0633,,,,,,,,,,
,34.013,14.3707,1.0627,,,,,,,,,,
,34.113,14.4126,1.0622,,,,,,,,,,
,34.213,14.4552,1.0615,,,,,,,,,,
,34.313,14.4969,1.0608,,,,,,,,,,
,34.413,14.54,1.0606,,,,,,,,,,
,34.513,14.5818,1.0598,,,,,,,,,,
,34.613,14.6248,1.0599,,,,,,,,,,
,34.713,14.6667,1.0592,,,,,,,,,,
,34.813,14.7091,1.0586,,,,,,,,,,
,34.913,14.7513,1.0577,,,,,,,,,,
,35.013,14.7932,1.0573,,,,,,,,,,
,35.113,14.836,1.057,,,,,,,,,,
,35.213,14.8778,1.0564,,,,,,,,,,
,35.313,14.9213,1.056,,,,,,,,,,
,35.413,14.963,1.0549,,,,,,,,,,
,35.513,15.0058,1.0549,,,,,,,,,,
,35.613,15.0477,1.0543,,,,,,,,,,
,35.713,15.0899,1.0539,,,,,,,,,,
,35.813,15.1324,1.0533,,,,,,,,,,
,35.913,15.1742,1.0525,,,,,,,,,,
,36.013,15.2173,1.0519,,,,,,,,,,
,36.113,15.2592,1.0513,,,,,,,,,,
,36.213,15.3024,1.0514,,,,,,,,,,
,36.313,15.344,1.0506,,,,,,,,,,
,36.413,15.3864,1.0498,,,,,,,,,,
,36.513,15.4283,1.0488,,,,,,,,,,
,36.613,15.4708,1.0489,,,,,,,,,,
,36.713,15.5136,1.0484,,,,,,,,,,
,36.813,15.5555,1.0478,,,,,,,,,,
,36.913,15.5983,1.0473,,,,,,,,,,
,37.013,15.6404,1.0467,,,,,,,,,,
,37.113,15.683,1.0462,,,,,,,,,,
,37.213,15.7251,1.0455,,,,,,,,,,
,37.313,15.7671,1.0452,,,,,,,,,,
,37.413,15.8098,1.0447,,,,,,,,,,
,37.513,15.8516,1.0442,,,,,,,,,,
,37.613,15.8947,1.0435,,,,,,,,,,
,37.713,15.9364,1.0427,,,,,,,,,,
,37.813,15.9794,1.0426,,,,,,,,,,
,37.913,16.0212,1.0419,,,,,,,,,,
,38.013,16.0638,1.0418,,,,,,,,,,
,38.113,16.1061,1.0408,,,,,,,,,,
,38.213,16.1481,1.04,,,,,,,,,,
,38.313,16.1908,1.0393,,,,,,,,,,
,38.413,16.2326,1.0391,,,,,,,,,,
,38.513,16.2759,1.0391,,,,,,,,,,
,38.613,16.3176,1.0382,,,,,,,,,,
,38.713,16.3604,1.0377,,,,,,,,,,
,38.813,16.4025,1.0369,,,,,,,,,,
,38.913,16.4444,1.0361,,,,,,,,,,
,39.013,16.4871,1.0359,,,,,,,,,,
,39.113,16.5288,1.0353,,,,,,,,,,
,39.213,16.5717,1.0348,,,,,,,,,,
,39.313,16.6137,1.034,,,,,,,,,,
,39.413,16.657,1.0338,,,,,,,,,,
,39.513,16.6988,1.033,,,,,,,,,,
,39.613,16.7413,1.0328,,,,,,,,,,
,39.713,16.7832,1.0324,,,,,,,,,,
,39.813,16.8253,1.0314,,,,,,,,,,
,39.913,16.8682,1.0307,,,,,,,,,,
,40.013,16.91,1.0301,,,,,,,,,,
,40.113,16.9532,1.0299,,,,,,,,,,
,40.213,16.9951,1.0294,,,,,,,,,,
,40.313,17.0378,1.0293,,,,,,,,,,
,40.413,17.0796,1.0283,,,,,,,,,,
,40.513,17.1218,1.0276,,,,,,,,,,
,40.613,17.1643,1.0269,,,,,,,,,,
,40.713,17.2061,1.0266,,,,,,,,,,
,40.813,17.2495,1.0266,,,,,,,,,,
,40.913,17.2914,1.0257,,,,,,,,,,
,41.013,17.3343,1.025,,,,,,,,,,
,41.113,17.3759,1.0243,,,,,,,,,,
,41.213,17.4185,1.024,,,,,,,,,,
,41.313,17.4605,1.0235,,,,,,,,,,
,41.413,17.5027,1.023,,,,,,,,,,
,41.513,17.5455,1.0226,,,,,,,,,,
,41.613,17.5872,1.0214,,,,,,,,,,
,41.713,17.6306,1.0213,,,,,,,,,,
,41.813,17.6723,1.0204,,,,,,,,,,
,41.913,17.7148,1.0207,,,,,,,,,,
,42.013,17.757,1.0201,,,,,,,,,,
,42.113,17.799,1.0191,,,,,,,,,,
,42.213,17.8418,1.0184,,,,,,,,,,
,42.313,17.8838,1.0179,,,,,,,,,,
,42.413,17.9266,1.0175,,,,,,,,,,
,42.513,17.9685,1.0171,,,,,,,,,,
,42.613,18.0116,1.017,,,,,,,,,,
,42.713,18.0534,1.0159,,,,,,,,,,
,42.813,18.0958,1.0155,,,,,,,,,,
,42.913,18.1381,1.0145,,,,,,,,,,
,43.013,18.1798,1.0142,,,,,,,,,,
,43.113,18.2229,1.0141,,,,,,,,,,
,43.213,18.2647,1.0135,,,,,,,,,,
,43.313,18.3078,1.0128,,,,,,,,,,
,43.413,18.3494,1.0119,,,,,,,,,,
,43.513,18.3924,1.0119,,,,,,,,,,
,43.613,18.4344,1.0114,,,,,,,,,,
,43.713,18.4766,1.0113,,,,,,,,,,
,43.813,18.5191,1.0101,,,,,,,,,,
,43.913,18.5609,1.0092,,,,,,,,,,
,44.013,18.6041,1.0088,,,,,,,,,,
,44.113,18.646,1.0085,,,,,,,,,,
,44.213,18.689,1.0085,,,,,,,,,,
,44.313,18.7307,1.0078,,,,,,,,,,
,44.413,18.7731,1.0069,,,,,,,,,,
,44.513,18.8153,1.006,,,,,,,,,,
,44.613,18.8571,1.0054,,,,,,,,,,
,44.713,18.9001,1.0055,,,,,,,,,,
,44.813,18.9419,1.0049,,,,,,,,,,
,44.913,18.9851,1.0045,,,,,,,,,,
,45.013,19.0272,1.0036,,,,,,,,,,
,45.113,19.0697,1.003,,,,,,,,,,
,45.213,19.1117,1.0025,,,,,,,,,,
,45.313,19.1537,1.0021,,,,,,,,,,
,45.413,19.1965,1.0018,,,,,,,,,,
,45.513,19.2383,1.0008,,,,,,,,,,
,45.613,19.2815,1.0005,,,,,,,,,,
,45.713,19.3232,0.9997,,,,,,,,,,
,45.813,19.3662,0.9993,,,,,,,,,,
,45.913,19.4081,0.999,,,,,,,,,,
,46.013,19.4503,0.9983,,,,,,,,,,
,46.113,19.4927,0.9976,,,,,,,,,,
,46.213,19.5342,0.9966,,,,,,,,,,
,46.313,19.5777,0.9968,,,,,,,,,,
,46.413,19.6195,0.9962,,,,,,,,,,
,46.513,19.6626,0.9961,,,,,,,,,,
,46.613,19.7039,0.9948,,,,,,,,,,
,46.713,19.747,0.9947,,,,,,,,,,
,46.813,19.789,0.9941,,,,,,,,,,
,46.913,19.8313,0.9934,,,,,,,,,,
,47.013,19.8738,0.9934,,,,,,,,,,
,47.113,19.9158,0.9927,,,,,,,,,,
,47.213,19.9588,0.9917,,,,,,,,,,
,47.313,20.0006,0.9911,,,,,,,,,,
,47.413,20.0434,0.9911,,,,,,,,,,
,47.513,20.0853,0.9904,,,,,,,,,,
,47.613,20.1276,0.9898,,,,,,,,,,
,47.713,20.1702,0.9892,,,,,,,,,,
,47.813,20.2119,0.9884,,,,,,,,,,
,47.913,20.2549,0.9882,,,,,,,,,,
,48.013,20.2965,0.9877,,,,,,,,,,
,48.113,20.3397,0.9876,,,,,,,,,,
,48.213,20.3818,0.9868,,,,,,,,,,
,48.313,20.4245,0.9861,,,,,,,,,,
,48.413,20.4664,0.9852,,,,,,,,,,
,48.513,20.5084,0.9849,,,,,,,,,,
,48.613,20.5511,0.9846,,,,,,,,,,
,48.713,20.5928,0.9836,,,,,,,,,,
,48.813,20.636,0.9837,,,,,,,,,,
,48.913,20.6776,0.9827,,,,,,,,,,
,49.013,20.7209,0.9825,,,,,,,,,,
,49.113,20.7628,0.9822,,,,,,,,,,
,49.213,20.8051,0.9816,,,,,,,,,,
,49.313,20.8474,0.9807,,,,,,,,,,
,49.413,20.8889,0.9797,,,,,,,,,,
,49.513,20.9322,0.9799,,,,,,,,,,
,49.613,20.9742,0.979,,,,,,,,,,
,49.713,21.0176,0.9793,,,,,,,,,,
,49.813,21.0587,0.9779,,,,,,,,,,
,49.913,21.1018,0.9778,,,,,,,,,,
,50.013,21.1437,0.977,,,,,,,,,,
,50.113,21.1856,0.9767,,,,,,,,,,
,50.213,21.2284,0.9765,,,,,,,,,,
,50.313,21.2702,0.9755,,,,,,,,,,
,50.413,21.3133,0.9748,,,,,,,,,,
,50.513,21.3554,0.9744,,,,,,,,,,
,50.613,21.3981,0.9739,,,,,,,,,,
,50.713,21.4399,0.9736,,,,,,,,,,
,50.813,21.4823,0.9727,,,,,,,,,,
,50.913,21.5247,0.972,,,,,,,,,,
,51.013,21.5665,0.9714,,,,,,,,,,
,51.113,21.6098,0.9713,,,,,,,,,,
,51.213,21.6513,0.9707,,,,,,,,,,
,51.313,21.6946,0.97,,,,,,,,,,
,51.413,21.7362,0.9692,,,,,,,,,,
,51.513,21.7789,0.9689,,,,,,,,,,
,51.613,21.821,0.9685,,,,,,,,,,
,51.713,21.8631,0.9682,,,,,,,,,,
,51.813,21.9056,0.9673,,,,,,,,,,
,51.913,21.9478,0.9664,,,,,,,,,,
,52.013,21.9908,0.9664,,,,,,,,,,
,52.113,22.0322,0.9656,,,,,,,,,,
,52.213,22.0754,0.9655,,,,,,,,,,
,52.313,22.1175,0.9648,,,,,,,,,,
,52.413,22.1598,0.964,,,,,,,,,,
,52.513,22.2023,0.963,,,,,,,,,,
,52.613,22.2439,0.9626,,,,,,,,,,
,52.713,22.2869,0.9628,,,,,,,,,,
,52.813,22.3286,0.9619,,,,,,,,,,
,52.913,22.3719,0.9614,,,,,,,,,,
,53.013,22.4136,0.9605,,,,,,,,,,
,53.113,22.4561,0.9602,,,,,,,,,,
,53.213,22.4985,0.9597,,,,,,,,,,
,53.313,22.5405,0.9589,,,,,,,,,,
,53.413,22.5832,0.958,,,,,,,,,,
,53.513,22.6248,0.9578,,,,,,,,,,
,53.613,22.668,0.9574,,,,,,,,,,
,53.713,22.7099,0.9571,,,,,,,,,,
,53.813,22.753,0.9571,,,,,,,,,,
,53.913,22.7949,0.9564,,,,,,,,,,
,54.013,22.837,0.9554,,,,,,,,,,
,54.113,22.8794,0.9545,,,,,,,,,,
,54.213,22.9212,0.954,,,,,,,,,,
,54.313,22.9642,0.9536,,,,,,,,,,
,54.413,23.0059,0.9534,,,,,,,,,,
,54.513,23.0491,0.9528,,,,,,,,,,
,54.613,23.0911,0.9519,,,,,,,,,,
,54.713,23.1336,0.9517,,,,,,,,,,
,54.813,23.1755,0.951,,,,,,,,,,
,54.913,23.2176,0.9506,,,,,,,,,,
,55.013,23.2603,0.9502,,,,,,,,,,
,55.113,23.3024,0.9491,,,,,,,,,,
,55.213,23.3456,0.9488,,,,,,,,,,
,55.313,23.3873,0.9482,,,,,,,,,,
,55.413,23.4303,0.9482,,,,,,,,,,
,55.513,23.4721,0.9474,,,,,,,,,,
,55.613,23.5143,0.9466,,,,,,,,,,
,55.713,23.5567,0.9461,,,,,,,,,,
,55.813,23.5986,0.9454,,,,,,,,,,
,55.913,23.6415,0.9453,,,,,,,,,,
,56.013,23.6835,0.9447,,,,,,,,,,
,56.113,23.7267,0.9441,,,,,,,,,,
,56.213,23.7683,0.9432,,,,,,,,,,
,56.313,23.8104,0.9428,,,,,,,,,,
,56.413,23.853,0.9427,,,,,,,,,,
,56.513,23.895,0.9422,,,,,,,,,,
,56.613,23.938,0.9415,,,,,,,,,,
,56.713,23.9799,0.9406,,,,,,,,,,
,56.813,24.0229,0.9404,,,,,,,,,,
,56.913,24.0645,0.9398,,,,,,,,,,
,57.013,24.1075,0.9397,,,,,,,,,,
,57.113,24.1493,0.9387,,,,,,,,,,
,57.213,24.1915,0.9381,,,,,,,,,,
,57.313,24.234,0.9373,,,,,,,,,,
,57.413,24.2761,0.9371,,,,,,,,,,
,57.513,24.319,0.937,,,,,,,,,,
,57.613,24.3607,0.936,,,,,,,,,,
,57.713,24.4035,0.9354,,,,,,,,,,
,57.813,24.4457,0.9344,,,,,,,,,,
,57.913,24.4882,0.9344,,,,,,,,,,
,58.013,24.5304,0.9339,,,,,,,,,,
,58.113,24.5725,0.9334,,,,,,,,,,
,58.213,24.6153,0.9327,,,,,,,,,,
,58.313,24.6568,0.9318,,,,,,,,,,
,58.413,24.7001,0.9315,,,,,,,,,,
,58.513,24.7419,0.9312,,,,,,,,,,
,58.613,24.7847,0.9309,,,,,,,,,,
,58.713,24.8269,0.9302,,,,,,,,,,
,58.813,24.8691,0.9292,,,,,,,,,,
,58.913,24.9114,0.9286,,,,,,,,,,
,59.013,24.9531,0.9279,,,,,,,,,,
,59.113,24.9959,0.9279,,,,,,,,,,
,59.213,25.038,0.9275,,,,,,,,,,
,59.313,25.0814,0.9266,,,,,,,,,,
,59.413,25.1232,0.9257,,,,,,,,,,
,59.513,25.1654,0.9253,,,,,,,,,,
,59.613,25.2079,0.9251,,,,,,,,,,
,59.713,25.2495,0.9243,,,,,,,,,,
,59.813,25.2925,0.9239,,,,,,,,,,
,59.913,25.3343,0.923,,,,,,,,,,
,60.013,25.3775,0.9228,,,,,,,,,,
,60.113,25.4193,0.922,,,,,,,,,,
,60.213,25.4623,0.9221,,,,,,,,,,
,60.313,25.5039,0.9208,,,,,,,,,,
,60.413,25.5462,0.9202,,,,,,,,,,
,60.513,25.5886,0.9197,,,,,,,,,,
,60.613,25.6306,0.9193,,,,,,,,,,
,60.713,25.6736,0.9192,,,,,,,,,,
,60.813,25.7156,0.9186,,,,,,,,,,
,60.913,25.7585,0.9177,,,,,,,,,,
,61.013,25.8004,0.9169,,,,,,,,,,
,61.113,25.8429,0.9166,,,,,,,,,,
,61.213,25.885,0.9161,,,,,,,,,,
,61.313,25.9269,0.9154,,,,,,,,,,
,61.413,25.9699,0.9148,,,,,,,,,,
,61.513,26.0117,0.9138,,,,,,,,,,
,61.613,26.0548,0.9136,,,,,,,,,,
,61.713,26.0965,0.9133,,,,,,,,,,
,61.813,26.1392,0.913,,,,,,,,,,
,61.913,26.1813,0.912,,,,,,,,,,
,62.013,26.2237,0.9112,,,,,,,,,,
,62.113,26.2662,0.9103,,,,,,,,,,
,62.213,26.3081,0.9102,,,,,,,,,,
,62.313,26.3509,0.91,,,,,,,,,,
,62.413,26.3928,0.9092,,,,,,,,,,
,62.513,26.4359,0.9085,,,,,,,,,,
,62.613,26.4776,0.9077,,,,,,,,,,
,62.713,26.5202,0.9072,,,,,,,,,,
,62.813,26.5623,0.9068,,,,,,,,,,
,62.913,26.6045,0.9065,,,,,,,,,,
,63.013,26.6471,0.9054,,,,,,,,,,
,63.113,26.6889,0.9046,,,,,,,,,,
,63.213,26.732,0.9044,,,,,,,,,,
,63.313,26.7738,0.9038,,,,,,,,,,
,63.413,26.8168,0.9038,,,,,,,,,,
,63.513,26.8588,0.9027,,,,,,,,,,
,63.613,26.9011,0.9022,,,,,,,,,,
,63.713,26.9434,0.9015,,,,,,,,,,
,63.813,26.9853,0.9009,,,,,,,,,,
,63.913,27.0282,0.9005,,,,,,,,,,
,64.013,27.0702,0.8999,,,,,,,,,,
,64.113,27.1132,0.8991,,,,,,,,,,
,64.213,27.1551,0.8983,,,,,,,,,,
,64.313,27.1975,0.8981,,,,,,,,,,
,64.413,27.2397,0.8975,,,,,,,,,,
,64.513,27.2814,0.8967,,,,,,,,,,
,64.613,27.3245,0.8963,,,,,,,,,,
,64.713,27.3662,0.8952,,,,,,,,,,
,64.813,27.4096,0.8951,,,,,,,,,,
,64.913,27.4513,0.8946,,,,,,,,,,
,65.013,27.4941,0.894,,,,,,,,,,
,65.113,27.536,0.8929,,,,,,,,,,
,65.213,27.5784,0.8924,,,,,,,,,,
,65.313,27.6208,0.8919,,,,,,,,,,
,65.413,27.6626,0.8912,,,,,,,,,,
,65.513,27.7058,0.8907,,,,,,,,,,
,65.613,27.7474,0.8898,,,,,,,,,,
,65.713,27.7906,0.8893,,,,,,,,,,
,65.813,27.8322,0.8886,,,,,,,,,,
,65.913,27.8749,0.8882,,,,,,,,,,
,66.013,27.9167,0.8877,,,,,,,,,,
,66.113,27.959,0.887,,,,,,,,,,
,66.213,28.0017,0.886,,,,,,,,,,
,66.313,28.0441,0.8854,,,,,,,,,,
,66.413,28.0867,0.8851,,,,,,,,,,
,66.513,28.1286,0.8848,,,,,,,,,,
,66.613,28.1715,0.884,,,,,,,,,,
,66.713,28.2134,0.8831,,,,,,,,,,
,66.813,28.2555,0.8824,,,,,,,,,,
,66.913,28.2982,0.8818,,,,,,,,,,
,67.013,28.3398,0.8813,,,,,,,,,,
,67.113,28.3831,0.8811,,,,,,,,,,
,67.213,28.4248,0.88,,,,,,,,,,
,67.313,28.4677,0.8794,,,,,,,,,,
,67.413,28.5095,0.8786,,,,,,,,,,
,67.513,28.552,0.8785,,,,,,,,,,
,67.613,28.5944,0.8776,,,,,,,,,,
,67.713,28.6363,0.8766,,,,,,,,,,
,67.813,28.6791,0.876,,,,,,,,,,
,67.913,28.721,0.8753,,,,,,,,,,
,68.013,28.7642,0.8753,,,,,,,,,,
,68.113,28.806,0.8745,,,,,,,,,,
,68.213,28.8488,0.8738,,,,,,,,,,
,68.313,28.8908,0.873,,,,,,,,,,
,68.413,28.9329,0.8724,,,,,,,,,,
,68.513,28.9754,0.8717,,,,,,,,,,
,68.613,29.0172,0.8711,,,,,,,,,,
,68.713,29.0602,0.8704,,,,,,,,,,
,68.813,29.1019,0.8694,,,,,,,,,,
,68.913,29.1452,0.8691,,,,,,,,,,
,69.013,29.1872,0.8686,,,,,,,,,,
,69.113,29.2295,0.8681,,,,,,,,,,
,69.213,29.2714,0.8675,,,,,,,,,,
,69.313,29.3136,0.8661,,,,,,,,,,
,69.413,29.3564,0.8659,,,,,,,,,,
,69.513,29.3985,0.8653,,,,,,,,,,
,69.613,29.4416,0.8651,,,,,,,,,,
,69.713,29.4835,0.8642,,,,,,,,,,
,69.813,29.526,0.8635,,,,,,,,,,
,69.913,29.5681,0.8625,,,,,,,,,,
,70.013,29.61,0.862,,,,,,,,,,
,70.113,29.6527,0.8615,,,,,,,,,,
,70.213,29.6944,0.8607,,,,,,,,,,
,70.313,29.7378,0.8602,,,,,,,,,,
,70.413,29.7795,0.8594,,,,,,,,,,
,70.513,29.8227,0.8591,,,,,,,,,,
,70.613,29.8641,0.8581,,,,,,,,,,
,70.713,29.9068,0.8577,,,,,,,,,,
,70.813,29.949,0.8567,,,,,,,,,,
,70.913,29.9911,0.856,,,,,,,,,,
,71.013,30.0338,0.8556,,,,,,,,,,
,71.113,30.0758,0.8551,,,,,,,,,,
,71.213,30.1188,0.8547,,,,,,,,,,
,71.313,30.1606,0.8535,,,,,,,,,,
,71.413,30.2033,0.8528,,,,,,,,,,
,71.513,30.2451,0.852,,,,,,,,,,
,71.613,30.2875,0.8516,,,,,,,,,,
,71.713,30.3301,0.8513,,,,,,,,,,
,71.813,30.3721,0.8503,,,,,,,,,,
,71.913,30.415,0.8497,,,,,,,,,,
,72.013,30.4565,0.8487,,,,,,,,,,
,72.113,30.4998,0.8488,,,,,,,,,,
,72.213,30.5418,0.8482,,,,,,,,,,
,72.313,30.5842,0.8475,,,,,,,,,,
,72.413,30.6264,0.8463,,,,,,,,,,
,72.513,30.6684,0.8455,,,,,,,,,,
,72.613,30.7113,0.8451,,,,,,,,,,
,72.713,30.753,0.8445,,,,,,,,,,
,72.813,30.7961,0.8443,,,,,,,,,,
,72.913,30.8379,0.843,,,,,,,,,,
,73.013,30.8807,0.8426,,,,,,,,,,
,73.113,30.9228,0.8417,,,,,,,,,,
,73.213,30.9648,0.8413,,,,,,,,,,
,73.313,31.0074,0.841,,,,,,,,,,
,73.413,31.0491,0.8398,,,,,,,,,,
,73.513,31.0923,0.839,,,,,,,,,,
,73.613,31.1342,0.8382,,,,,,,,,,
,73.713,31.1775,0.8383,,,,,,,,,,
,73.813,31.219,0.8375,,,,,,,,,,
,73.913,31.2614,0.837,,,,,,,,,,
,74.013,31.3037,0.8359,,,,,,,,,,
,74.113,31.3456,0.835,,,,,,,,,,
,74.213,31.3883,0.8347,,,,,,,,,,
,74.313,31.4304,0.8344,,,,,,,,,,
,74.413,31.4735,0.8336,,,,,,,,,,
,74.513,31.5154,0.8325,,,,,,,,,,
,74.613,31.558,0.832,,,,,,,,,,
,74.713,31.5999,0.8315,,,,,,,,,,
,74.813,31.6421,0.8309,,,,,,,,,,
,74.913,31.6848,0.8302,,,,,,,,,,
,75.013,31.7266,0.8292,,,,,,,,,,
,75.113,31.7701,0.8289,,,,,,,,,,
,75.213,31.8114,0.8279,,,,,,,,,,
,75.313,31.8546,0.8277,,,,,,,,,,
,75.413,31.8964,0.827,,,,,,,,,,
,75.513,31.9385,0.8262,,,,,,,,,,
,75.613,31.9811,0.8251,,,,,,,,,,
,75.713,32.0228,0.8246,,,,,,,,,,
,75.813,32.0659,0.8244,,,,,,,,,,
,75.913,32.1078,0.8237,,,,,,,,,,
,76.013,32.151,0.8229,,,,,,,,,,
,76.113,32.1924,0.822,,,,,,,,,,
,76.213,32.2354,0.8215,,,,,,,,,,
,76.313,32.2773,0.821,,,,,,,,,,
,76.413,32.3196,0.8204,,,,,,,,,,
,76.513,32.3623,0.8196,,,,,,,,,,
,76.613,32.404,0.8185,,,,,,,,,,
,76.713,32.447,0.8184,,,,,,,,,,
,76.813,32.4888,0.8177,,,,,,,,,,
,76.913,32.5318,0.8175,,,,,,,,,,
,77.013,32.5737,0.8163,,,,,,,,,,
,77.113,32.6159,0.8154,,,,,,,,,,
,77.213,32.6583,0.8149,,,,,,,,,,
,77.313,32.7004,0.8146,,,,,,,,,,
,77.413,32.7431,0.814,,,,,,,,,,
,77.513,32.7849,0.813,,,,,,,,,,
,77.613,32.828,0.8122,,,,,,,,,,
,77.713,32.87,0.8116,,,,,,,,,,
,77.813,32.9128,0.8112,,,,,,,,,,
,77.913,32.9549,0.8107,,,,,,,,,,
,78.013,32.9969,0.81,,,,,,,,,,
,78.113,33.0396,0.809,,,,,,,,,,
,78.213,33.0812,0.8079,,,,,,,,,,
,78.313,33.1244,0.8078,,,,,,,,,,
,78.413,33.1661,0.8072,,,,,,,,,,
,78.513,33.209,0.8067,,,,,,,,,,
,78.613,33.2512,0.8057,,,,,,,,,,
,78.713,33.2935,0.8051,,,,,,,,,,
,78.813,33.3357,0.8043,,,,,,,,,,
,78.913,33.3773,0.8037,,,,,,,,,,
,79.013,33.4205,0.8032,,,,,,,,,,
,79.113,33.4623,0.8022,,,,,,,,,,
,79.213,33.5058,0.8018,,,,,,,,,,
,79.313,33.5475,0.8011,,,,,,,,,,
,79.413,33.5902,0.8008,,,,,,,,,,
,79.513,33.632,0.8,,,,,,,,,,
,79.613,33.6741,0.7988,,,,,,,,,,
,79.713,33.7166,0.7981,,,,,,,,,,
,79.813,33.7586,0.7977,,,,,,,,,,
,79.913,33.8017,0.7975,,,,,,,,,,
,80.013,33.8436,0.7968,,,,,,,,,,
,80.113,33.8864,0.7961,,,,,,,,,,
,80.213,33.9283,0.795,,,,,,,,,,
,80.313,33.9705,0.7945,,,,,,,,,,
,80.413,34.0129,0.7943,,,,,,,,,,
,80.513,34.0549,0.7936,,,,,,,,,,
,80.613,34.098,0.7927,,,,,,,,,,
,80.713,34.1398,0.7916,,,,,,,,,,
,80.813,34.183,0.7916,,,,,,,,,,
,80.913,34.2246,0.7908,,,,,,,,,,
,81.013,34.2674,0.7906,,,,,,,,,,
,81.113,34.3093,0.7893,,,,,,,,,,
,81.213,34.3514,0.7885,,,,,,,,,,
,81.313,34.3941,0.788,,,,,,,,,,
,81.413,34.4361,0.7874,,,,,,,,,,
,81.513,34.4792,0.7873,,,,,,,,,,
,81.613,34.5208,0.7858,,,,,,,,,,
,81.713,34.5633,0.7853,,,,,,,,,,
,81.813,34.6057,0.7847,,,,,,,,,,
,81.913,34.648,0.7844,,,,,,,,,,
,82.013,34.6905,0.7837,,,,,,,,,,
,82.113,34.7323,0.7826,,,,,,,,,,
,82.213,34.7754,0.782,,,,,,,,,,
,82.313,34.8169,0.7813,,,,,,,,,,
,82.413,34.8602,0.7809,,,,,,,,,,
,82.513,34.9019,0.7803,,,,,,,,,,
,82.613,34.9446,0.7795,,,,,,,,,,
,82.713,34.9868,0.7788,,,,,,,,,,
,82.813,35.0288,0.778,,,,,,,,,,
,82.913,35.0715,0.7776,,,,,,,,,,
,83.013,35.1131,0.7769,,,,,,,,,,
,83.113,35.1562,0.776,,,,,,,,,,
,83.213,35.1982,0.7752,,,,,,,,,,
,83.313,35.2412,0.7749,,,,,,,,,,
,83.413,35.2832,0.7742,,,,,,,,,,
,83.513,35.3253,0.7738,,,,,,,,,,
,83.613,35.3679,0.7729,,,,,,,,,,
,83.713,35.4093,0.772,,,,,,,,,,
,83.813,35.4526,0.7712,,,,,,,,,,
,83.913,35.4943,0.7708,,,,,,,,,,
,84.013,35.5375,0.7708,,,,,,,,,,
,84.113,35.5795,0.7697,,,,,,,,,,
,84.213,35.6221,0.7686,,,,,,,,,,
,84.313,35.6639,0.768,,,,,,,,,,
,84.413,35.7059,0.7673,,,,,,,,,,
,84.513,35.7486,0.7668,,,,,,,,,,
,84.613,35.7906,0.7664,,,,,,,,,,
,84.713,35.8339,0.7653,,,,,,,,,,
,84.813,35.8758,0.7646,,,,,,,,,,
,84.913,35.9183,0.7642,,,,,,,,,,
,85.013,35.9604,0.7635,,,,,,,,,,
,85.113,36.0026,0.7631,,,,,,,,,,
,85.213,36.045,0.7618,,,,,,,,,,
,85.313,36.0869,0.761,,,,,,,,,,
,85.413,36.1299,0.7609,,,,,,,,,,
,85.513,36.1719,0.7602,,,,,,,,,,
,85.613,36.2149,0.7598,,,,,,,,,,
,85.713,36.2566,0.7589,,,,,,,,,,
,85.813,36.2991,0.7582,,,,,,,,,,
,85.913,36.3413,0.7573,,,,,,,,,,
,86.013,36.3833,0.7568,,,,,,,,,,
,86.113,36.4262,0.757,,,,,,,,,,
,86.213,36.4681,0.7555,,,,,,,,,,
,86.313,36.5111,0.7546,,,,,,,,,,
,86.413,36.5529,0.754,,,,,,,,,,
,86.513,36.5958,0.7539,,,,,,,,,,
,86.613,36.6377,0.7534,,,,,,,,,,
,86.713,36.6799,0.7523,,,,,,,,,,
,86.813,36.7223,0.7512,,,,,,,,,,
,86.913,36.7643,0.751,,,,,,,,,,
,87.013,36.8072,0.7507,,,,,,,,,,
,87.113,36.8489,0.7502,,,,,,,,,,
,87.213,36.8921,0.7495,,,,,,,,,,
,87.313,36.9338,0.7486,,,,,,,,,,
,87.413,36.9767,0.7483,,,,,,,,,,
,87.513,37.0189,0.7477,,,,,,,,,,
,87.613,37.0608,0.7471,,,,,,,,,,
,87.713,37.1035,0.7464,,,,,,,,,,
,87.813,37.1454,0.7455,,,,,,,,,,
,87.913,37.1885,0.7451,,,,,,,,,,
,88.013,37.2303,0.7445,,,,,,,,,,
,88.113,37.2731,0.7441,,,,,,,,,,
,88.213,37.315,0.7433,,,,,,,,,,
,88.313,37.3574,0.7424,,,,,,,,,,
,88.413,37.3998,0.7416,,,,,,,,,,
,88.513,37.4415,0.741,,,,,,,,,,
,88.613,37.4843,0.7409,,,,,,,,,,
,88.713,37.5264,0.7401,,,,,,,,,,
,88.813,37.5696,0.7395,,,,,,,,,,
,88.913,37.6115,0.7385,,,,,,,,,,
,89.013,37.654,0.7382,,,,,,,,,,
,89.113,37.696,0.7374,,,,,,,,,,
,89.213,37.738,0.7369,,,,,,,,,,
,89.313,37.7809,0.7359,,,,,,,,,,
,89.413,37.8227,0.7351,,,,,,,,,,
,89.513,37.8658,0.7348,,,,,,,,,,
,89.613,37.9076,0.7341,,,,,,,,,,
,89.713,37.9505,0.7336,,,,,,,,,,
,89.813,37.9922,0.7327,,,,,,,,,,
,89.913,38.0345,0.7317,,,,,,,,,,
,90.013,38.0769,0.7311,,,,,,,,,,
,90.113,38.1189,0.7307,,,,,,,,,,
,90.213,38.1619,0.7304,,,,,,,,,,
,90.313,38.2039,0.7293,,,,,,,,,,
,90.413,38.2468,0.7285,,,,,,,,,,
,90.513,38.2886,0.7278,,,,,,,,,,
,90.613,38.3314,0.7276,,,,,,,,,,
,90.713,38.3734,0.7269,,,,,,,,,,
,90.813,38.4154,0.726,,,,,,,,,,
,90.913,38.4581,0.7251,,,,,,,,,,
,91.013,38.5,0.7244,,,,,,,,,,
,91.113,38.5431,0.7242,,,,,,,,,,
,91.213,38.5849,0.7235,,,,,,,,,,
,91.313,38.6277,0.7227,,,,,,,,,,
,91.413,38.6695,0.7218,,,,,,,,,,
,91.513,38.7119,0.7212,,,,,,,,,,
,91.613,38.7545,0.721,,,,,,,,,,
,91.713,38.7964,0.7203,,,,,,,,,,
,91.813,38.8389,0.7196,,,,,,,,,,
,91.913,38.881,0.7185,,,,,,,,,,
,92.013,38.9243,0.718,,,,,,,,,,
,92.113,38.9662,0.7178,,,,,,,,,,
,92.213,39.0085,0.7172,,,,,,,,,,
,92.313,39.0509,0.7165,,,,,,,,,,
,92.413,39.0927,0.7157,,,,,,,,,,
,92.513,39.1355,0.7151,,,,,,,,,,
,92.613,39.1774,0.7147,,,,,,,,,,
,92.713,39.2204,0.7143,,,,,,,,,,
,92.813,39.262,0.7131,,,,,,,,,,
,92.913,39.3051,0.7129,,,,,,,,,,
,93.013,39.3469,0.7122,,,,,,,,,,
,93.113,39.3894,0.7119,,,,,,,,,,
,93.213,39.4315,0.7108,,,,,,,,,,
,93.313,39.4736,0.7101,,,,,,,,,,
,93.413,39.5165,0.7096,,,,,,,,,,
,93.513,39.5586,0.7093,,,,,,,,,,
,93.613,39.6014,0.7089,,,,,,,,,,
,93.713,39.6436,0.7083,,,,,,,,,,
,93.813,39.6859,0.7074,,,,,,,,,,
,93.913,39.7281,0.7065,,,,,,,,,,
,94.013,39.7699,0.7059,,,,,,,,,,
,94.113,39.8126,0.7055,,,,,,,,,,
,94.213,39.8545,0.7049,,,,,,,,,,
,94.313,39.898,0.7041,,,,,,,,,,
,94.413,39.9398,0.7034,,,,,,,,,,
,94.513,39.9825,0.7032,,,,,,,,,,
,94.613,40.0241,0.7025,,,,,,,,,,
,94.713,40.0665,0.7016,,,,,,,,,,
,94.813,40.1092,0.7008,,,,,,,,,,
,94.913,40.151,0.7006,,,,,,,,,,
,95.013,40.194,0.7001,,,,,,,,,,
,95.113,40.2359,0.6993,,,,,,,,,,
,95.213,40.2789,0.6986,,,,,,,,,,
,95.313,40.3207,0.6979,,,,,,,,,,
,95.413,40.3631,0.6975,,,,,,,,,,
,95.513,40.4052,0.6971,,,,,,,,,,
,95.613,40.4474,0.6961,,,,,,,,,,
,95.713,40.4902,0.6953,,,,,,,,,,
,95.813,40.5321,0.6947,,,,,,,,,,
,95.913,40.5751,0.6946,,,,,,,,,,
,96.013,40.6168,0.6941,,,,,,,,,,
,96.113,40.6598,0.6933,,,,,,,,,,
,96.213,40.7017,0.6925,,,,,,,,,,
,96.313,40.744,0.692,,,,,,,,,,
,96.413,40.7864,0.6918,,,,,,,,,,
,96.513,40.8283,0.691,,,,,,,,,,
,96.613,40.8713,0.6904,,,,,,,,,,
,96.713,40.9131,0.6897,,,,,,,,,,
,96.813,40.956,0.6896,,,,,,,,,,
,96.913,40.998,0.6893,,,,,,,,,,
,97.013,41.0403,0.6884,,,,,,,,,,
,97.113,41.0829,0.6877,,,,,,,,,,
,97.213,41.1247,0.6873,,,,,,,,,,
,97.313,41.1674,0.6871,,,,,,,,,,
,97.413,41.2092,0.6864,,,,,,,,,,
,97.513,41.2525,0.686,,,,,,,,,,
,97.613,41.2943,0.6852,,,,,,,,,,
,97.713,41.3374,0.6849,,,,,,,,,,
,97.813,41.379,0.6844,,,,,,,,,,
,97.913,41.4214,0.6842,,,,,,,,,,
,98.013,41.4637,0.6831,,,,,,,,,,
,98.113,41.5056,0.6825,,,,,,,,,,
,98.213,41.5485,0.6822,,,,,,,,,,
,98.313,41.5903,0.6822,,,,,,,,,,
,98.413,41.6335,0.6819,,,,,,,,,,
,98.513,41.6755,0.6809,,,,,,,,,,
,98.613,41.7181,0.6804,,,,,,,,,,
,98.713,41.7598,0.68,,,,,,,,,,
,98.813,41.8019,0.6798,,,,,,,,,,
,98.913,41.8447,0.6792,,,,,,,,,,
,99.013,41.8868,0.6783,,,,,,,,,,
,99.113,41.9301,0.6782,,,,,,,,,,
,99.213,41.9717,0.6777,,,,,,,,,,
,99.313,42.0144,0.6776,,,,,,,,,,
,99.413,42.0564,0.6768,,,,,,,,,,
,99.513,42.0984,0.6759,,,,,,,,,,
,99.613,42.1409,0.6754,,,,,,,,,,
,99.713,42.1827,0.6755,,,,,,,,,,
,99.813,42.2261,0.6752,,,,,,,,,,
,99.913,42.2678,0.6743,,,,,,,,,,
,100.013,42.3109,0.674,,,,,,,,,,
,100.113,42.3525,0.6735,,,,,,,,,,
,100.213,42.3952,0.6733,,,,,,,,,,
,100.313,42.4373,0.673,,,,,,,,,,
,100.413,42.4794,0.6722,,,,,,,,,,
,100.513,42.5223,0.6717,,,,,,,,,,
,100.613,42.5641,0.6713,,,,,,,,,,
,100.713,42.6072,0.6714,,,,,,,,,,
,100.813,42.6489,0.6707,,,,,,,,,,
,100.913,42.6917,0.6702,,,,,,,,,,
,101.013,42.7336,0.6697,,,,,,,,,,
,101.113,42.7758,0.6694,,,,,,,,,,
,101.213,42.8184,0.6693,,,,,,,,,,
,101.313,42.8605,0.6686,,,,,,,,,,
,101.413,42.9033,0.6683,,,,,,,,,,
,101.513,42.9447,0.6679,,,,,,,,,,
,101.613,42.9881,0.6679,,,,,,,,,,
,101.713,43.03,0.6676,,,,,,,,,,
,101.813,43.0727,0.6673,,,,,,,,,,
,101.913,43.1149,0.6665,,,,,,,,,,
,102.013,43.1567,0.6664,,,,,,,,,,
,102.113,43.1996,0.6663,,,,,,,,,,
,102.213,43.2414,0.6663,,,,,,,,,,
,102.313,43.2844,0.6655,,,,,,,,,,
,102.413,43.3261,0.665,,,,,,,,,,
,102.513,43.369,0.6651,,,,,,,,,,
,102.613,43.4111,0.6653,,,,,,,,,,
,102.713,43.4532,0.6649,,,,,,,,,,
,102.813,43.4957,0.6649,,,,,,,,,,
,102.913,43.5373,0.6648,,,,,,,,,,
,103.013,43.5806,0.6656,,,,,,,,,,
,103.113,43.6224,0.6663,,,,,,,,,,
,103.213,43.6656,0.6668,,,,,,,,,,
,103.313,43.7075,0.6669,,,,,,,,,,
,103.413,43.75,0.668,,,,,,,,,,
,103.513,43.7921,0.6695,,,,,,,,,,
,103.613,43.834,0.6705,,,,,,,,,,
,103.713,43.8767,0.6708,,,,,,,,,,
,103.813,43.9187,0.6716,,,,,,,,,,
,103.913,43.9618,0.6727,,,,,,,,,,
,104.013,44.0039,0.6736,,,,,,,,,,
,104.113,44.0464,0.6742,,,,,,,,,,
,104.213,44.0883,0.6741,,,,,,,,,,
,104.313,44.1301,0.6743,,,,,,,,,,
,104.413,44.1731,0.6748,,,,,,,,,,
,104.513,44.215,0.6754,,,,,,,,,,
,104.613,44.2581,0.6757,,,,,,,,,,
,104.713,44.2998,0.6753,,,,,,,,,,
,104.813,44.343,0.6755,,,,,,,,,,
,104.913,44.3847,0.6757,,,,,,,,,,
,105.013,44.427,0.6757,,,,,,,,,,
,105.113,44.4693,0.6756,,,,,,,,,,
,105.213,44.5113,0.6752,,,,,,,,,,
,105.313,44.5543,0.6753,,,,,,,,,,
,105.413,44.5961,0.6752,,,,,,,,,,
,105.513,44.6392,0.6756,,,,,,,,,,
,105.613,44.6808,0.6752,,,,,,,,,,
,105.713,44.7236,0.6745,,,,,,,,,,
,105.813,44.7657,0.6746,,,,,,,,,,
,105.913,44.8078,0.6746,,,,,,,,,,
,106.013,44.8505,0.6747,,,,,,,,,,
,106.113,44.8923,0.6741,,,,,,,,,,
,106.213,44.9354,0.6737,,,,,,,,,,
,106.313,44.9771,0.6735,,,,,,,,,,
,106.413,45.0202,0.6739,,,,,,,,,,
,106.513,45.0618,0.6737,,,,,,,,,,
,106.613,45.1046,0.6732,,,,,,,,,,
,106.713,45.1466,0.6726,,,,,,,,,,
,106.813,45.1888,0.6726,,,,,,,,,,
,106.913,45.2314,0.6726,,,,,,,,,,
,107.013,45.2732,0.6724,,,,,,,,,,
,107.113,45.3162,0.6722,,,,,,,,,,
,107.213,45.3584,0.6717,,,,,,,,,,
,107.313,45.4011,0.6717,,,,,,,,,,
,107.413,45.4433,0.6717,,,,,,,,,,
,107.513,45.4851,0.6714,,,,,,,,,,
,107.613,45.528,0.6706,,,,,,,,,,
,107.713,45.5695,0.6705,,,,,,,,,,
,107.813,45.6126,0.6706,,,,,,,,,,
,107.913,45.6543,0.6705,,,,,,,,,,
,108.013,45.6976,0.6706,,,,,,,,,,
,108.113,45.7395,0.67,,,,,,,,,,
,108.213,45.7818,0.67,,,,,,,,,,
,108.313,45.8241,0.6701,,,,,,,,,,
,108.413,45.8657,0.6696,,,,,,,,,,
,108.513,45.9087,0.6693,,,,,,,,,,
,108.613,45.9506,0.669,,,,,,,,,,
,108.713,45.9941,0.669,,,,,,,,,,
,108.813,46.0358,0.669,,,,,,,,,,
,108.913,46.0784,0.669,,,,,,,,,,
,109.013,46.1205,0.6685,,,,,,,,,,
,109.113,46.1623,0.6679,,,,,,,,,,
,109.213,46.205,0.668,,,,,,,,,,
,109.313,46.2469,0.668,,,,,,,,,,
,109.413,46.2898,0.6677,,,,,,,,,,
,109.513,46.332,0.6675,,,,,,,,,,
,109.613,46.375,0.6673,,,,,,,,,,
,109.713,46.4165,0.6671,,,,,,,,,,
,109.813,46.459,0.6671,,,,,,,,,,
,109.913,46.5012,0.6669,,,,,,,,,,
,110.013,46.5432,0.666,,,,,,,,,,
,110.113,46.5864,0.6661,,,,,,,,,,
,110.213,46.628,0.6661,,,,,,,,,,
,110.313,46.6712,0.6661,,,,,,,,,,
,110.413,46.7132,0.6654,,,,,,,,,,
,110.513,46.7556,0.6651,,,,,,,,,,
,110.613,46.7978,0.6652,,,,,,,,,,
,110.713,46.8397,0.6649,,,,,,,,,,
,110.813,46.8824,0.6647,,,,,,,,,,
,110.913,46.9243,0.6644,,,,,,,,,,
,111.013,46.9674,0.6641,,,,,,,,,,
,111.113,47.009,0.664,,,,,,,,,,
,111.213,47.052,0.6643,,,,,,,,,,
,111.313,47.0939,0.6639,,,,,,,,,,
,111.413,47.1363,0.6636,,,,,,,,,,
,111.513,47.179,0.6632,,,,,,,,,,
,111.613,47.2207,0.663,,,,,,,,,,
,111.713,47.2636,0.663,,,,,,,,,,
,111.813,47.3054,0.6628,,,,,,,,,,
,111.913,47.3485,0.6625,,,,,,,,,,
,112.013,47.3903,0.6621,,,,,,,,,,
,112.113,47.433,0.6623,,,,,,,,,,
,112.213,47.475,0.6621,,,,,,,,,,
,112.313,47.5172,0.6616,,,,,,,,,,
,112.413,47.5596,0.6608,,,,,,,,,,
,112.513,47.6015,0.661,,,,,,,,,,
,112.613,47.6444,0.6611,,,,,,,,,,
,112.713,47.6864,0.6612,,,,,,,,,,
,112.813,47.7295,0.6609,,,,,,,,,,
,112.913,47.7715,0.6603,,,,,,,,,,
,113.013,47.8137,0.6605,,,,,,,,,,
,113.113,47.8561,0.6603,,,,,,,,,,
,113.213,47.8979,0.66,,,,,,,,,,
,113.313,47.941,0.6597,,,,,,,,,,
,113.413,47.9826,0.6593,,,,,,,,,,
,113.513,48.026,0.6597,,,,,,,,,,
,113.613,48.0678,0.6597,,,,,,,,,,
,113.713,48.1105,0.6598,,,,,,,,,,
,113.813,48.1524,0.659,,,,,,,,,,
,113.913,48.1943,0.6585,,,,,,,,,,
,114.013,48.2367,0.6589,,,,,,,,,,
,114.113,48.2789,0.6588,,,,,,,,,,
,114.213,48.3222,0.6589,,,,,,,,,,
,114.313,48.3639,0.6582,,,,,,,,,,
,114.413,48.4067,0.6583,,,,,,,,,,
,114.513,48.4486,0.6584,,,,,,,,,,
,114.613,48.491,0.6585,,,,,,,,,,
,114.713,48.5334,0.6581,,,,,,,,,,
,114.813,48.5754,0.6578,,,,,,,,,,
,114.913,48.6184,0.6578,,,,,,,,,,
,115.013,48.6602,0.6579,,,,,,,,,,
,115.113,48.7033,0.6583,,,,,,,,,,
,115.213,48.7449,0.6577,,,,,,,,,,
,115.313,48.7875,0.6574,,,,,,,,,,
,115.413,48.8296,0.6573,,,,,,,,,,
,115.513,48.8717,0.6574,,,,,,,,,,
,115.613,48.9144,0.6575,,,,,,,,,,
,115.713,48.9564,0.6569,,,,,,,,,,
,115.813,48.9992,0.6567,,,,,,,,,,
,115.913,49.0411,0.6567,,,,,,,,,,
,116.013,49.0842,0.6575,,,,,,,,,,
,116.113,49.1261,0.6571,,,,,,,,,,
,116.213,49.1682,0.6568,,,,,,,,,,
,116.313,49.2109,0.6565,,,,,,,,,,
,116.413,49.2525,0.6565,,,,,,,,,,
,116.513,49.2956,0.6567,,,,,,,,,,
,116.613,49.3373,0.6565,,,,,,,,,,
,116.713,49.3804,0.6561,,,,,,,,,,
,116.813,49.4222,0.6562,,,,,,,,,,
,116.913,49.4651,0.6564,,,,,,,,,,
,117.013,49.507,0.6564,,,,,,,,,,
,117.113,49.5493,0.6564,,,,,,,,,,
,117.213,49.5914,0.6558,,,,,,,,,,
,117.313,49.6337,0.6556,,,,,,,,,,
,117.413,49.6767,0.656,,,,,,,,,,
,117.513,49.7188,0.6561,,,,,,,,,,
,117.613,49.7612,0.6558,,,,,,,,,,
,117.713,49.8036,0.6555,,,,,,,,,,
,117.813,49.8458,0.6553,,,,,,,,,,
,117.913,49.8879,0.6555,,,,,,,,,,
,118.013,49.93,0.6554,,,,,,,,,,
,118.113,49.9727,0.6555,,,,,,,,,,
,118.213,50.0146,0.6552,,,,,,,,,,
,118.313,50.0579,0.6555,,,,,,,,,,
,118.413,50.0997,0.6554,,,,,,,,,,
,118.513,50.1422,0.6555,,,,,,,,,,
,118.613,50.1844,0.6551,,,,,,,,,,
,118.713,50.2263,0.655,,,,,,,,,,
,118.813,50.269,0.6552,,,,,,,,,,
,118.913,50.311,0.6556,,,,,,,,,,
,119.013,50.354,0.6554,,,,,,,,,,
,119.113,50.396,0.6548,,,,,,,,,,
,119.213,50.4389,0.6553,,,,,,,,,,
,119.313,50.4806,0.6551,,,,,,,,,,
,119.413,50.5229,0.6555,,,,,,,,,,
,119.513,50.5653,0.6552,,,,,,,,,,
,119.613,50.6071,0.6548,,,,,,,,,,
,119.713,50.6503,0.6553,,,,,,,,,,
,119.813,50.6922,0.6556,,,,,,,,,,
,119.913,50.735,0.6556,,,,,,,,,,
,120.013,50.7768,0.656,,,,,,,,,,
,120.113,50.8197,0.6566,,,,,,,,,,
,120.213,50.8617,0.6571,,,,,,,,,,
,120.313,50.904,0.6572,,,,,,,,,,
,120.413,50.9464,0.6569,,,,,,,,,,
,120.513,50.9884,0.6571,,,,,,,,,,
,120.613,51.0313,0.6574,,,,,,,,,,
,120.713,51.0733,0.658,,,,,,,,,,
,120.813,51.116,0.6579,,,,,,,,,,
,120.913,51.1579,0.6579,,,,,,,,,,
,121.013,51.2004,0.6581,,,,,,,,,,
,121.113,51.2428,0.6582,,,,,,,,,,
,121.213,51.2848,0.6587,,,,,,,,,,
,121.313,51.3276,0.6585,,,,,,,,,,
,121.413,51.3694,0.6581,,,,,,,,,,
,121.513,51.4125,0.6587,,,,,,,,,,
,121.613,51.4544,0.6589,,,,,,,,,,
,121.713,51.497,0.6592,,,,,,,,,,
,121.813,51.5392,0.6586,,,,,,,,,,
,121.913,51.5811,0.6587,,,,,,,,,,
,122.013,51.6238,0.659,,,,,,,,,,
,122.113,51.6655,0.6589,,,,,,,,,,
,122.213,51.7087,0.6589,,,,,,,,,,
,122.313,51.7503,0.6587,,,,,,,,,,
,122.413,51.7935,0.659,,,,,,,,,,
,122.513,51.8354,0.6592,,,,,,,,,,
,122.613,51.8777,0.6592,,,,,,,,,,
,122.713,51.9199,0.6591,,,,,,,,,,
,122.813,51.9619,0.6587,,,,,,,,,,
,122.913,52.0048,0.6592,,,,,,,,,,
,123.013,52.0469,0.6594,,,,,,,,,,
,123.113,52.0899,0.6596,,,,,,,,,,
,123.213,52.1318,0.659,,,,,,,,,,
,123.313,52.1745,0.6592,,,,,,,,,,
,123.413,52.2164,0.6592,,,,,,,,,,
,123.513,52.2584,0.6594,,,,,,,,,,
,123.613,52.301,0.6591,,,,,,,,,,
,123.713,52.3427,0.6588,,,,,,,,,,
,123.813,52.3861,0.6594,,,,,,,,,,
,123.913,52.4282,0.6596,,,,,,,,,,
,124.013,52.4708,0.6595,,,,,,,,,,
,124.113,52.5124,0.6592,,,,,,,,,,
,124.213,52.5548,0.6592,,,,,,,,,,
,124.313,52.5973,0.6593,,,,,,,,,,
,124.413,52.6393,0.6598,,,,,,,,,,
,124.513,52.6825,0.6595,,,,,,,,,,
,124.613,52.7242,0.6592,,,,,,,,,,
,124.713,52.7673,0.6596,,,,,,,,,,
,124.813,52.809,0.6599,,,,,,,,,,
,124.913,52.8515,0.6597,,,,,,,,,,
,125.013,52.8935,0.6593,,,,,,,,,,
,125.113,52.9356,0.6593,,,,,,,,,,
,125.213,52.9786,0.6598,,,,,,,,,,
,125.313,53.0204,0.6599,,,,,,,,,,
,125.413,53.0634,0.6598,,,,,,,,,,
,125.513,53.1049,0.6593,,,,,,,,,,
,125.613,53.1481,0.66,,,,,,,,,,
,125.713,53.1899,0.6604,,,,,,,,,,
,125.813,53.2323,0.6601,,,,,,,,,,
,125.913,53.2748,0.66,,,,,,,,,,
,126.013,53.3169,0.6597,,,,,,,,,,
,126.113,53.3594,0.6602,,,,,,,,,,
,126.213,53.4015,0.6604,,,,,,,,,,
,126.313,53.4444,0.66,,,,,,,,,,
,126.413,53.4862,0.66,,,,,,,,,,
,126.513,53.529,0.6602,,,,,,,,,,
,126.613,53.5712,0.6606,,,,,,,,,,
,126.713,53.6131,0.6602,,,,,,,,,,
,126.813,53.6558,0.6601,,,,,,,,,,
,126.913,53.6972,0.6599,,,,,,,,,,
,127.013,53.7407,0.6606,,,,,,,,,,
,127.113,53.7826,0.6606,,,,,,,,,,
,127.213,53.8256,0.6605,,,,,,,,,,
,127.313,53.8673,0.6603,,,,,,,,,,
,127.413,53.9098,0.6606,,,,,,,,,,
,127.513,53.952,0.6608,,,,,,,,,,
,127.613,53.994,0.6606,,,,,,,,,,
,127.713,54.0368,0.6605,,,,,,,,,,
,127.813,54.0787,0.6605,,,,,,,,,,
,127.913,54.122,0.6609,,,,,,,,,,
,128.013,54.1638,0.661,,,,,,,,,,
,128.113,54.2063,0.6609,,,,,,,,,,
,128.213,54.2483,0.6608,,,,,,,,,,
,128.313,54.2904,0.6608,,,,,,,,,,
,128.413,54.3329,0.6613,,,,,,,,,,
,128.513,54.3749,0.6609,,,,,,,,,,
,128.613,54.4182,0.6613,,,,,,,,,,
,128.713,54.46,0.661,,,,,,,,,,
,128.813,54.5029,0.6614,,,,,,,,,,
,128.913,54.5447,0.6614,,,,,,,,,,
,129.013,54.5869,0.6613,,,,,,,,,,
,129.113,54.6292,0.6611,,,,,,,,,,
,129.213,54.6714,0.6613,,,,,,,,,,
,129.313,54.7143,0.662,,,,,,,,,,
,129.413,54.7562,0.6616,,,,,,,,,,
,129.513,54.7991,0.6614,,,,,,,,,,
,129.613,54.8408,0.6616,,,,,,,,,,
,129.713,54.8833,0.662,,,,,,,,,,
,129.813,54.9258,0.6624,,,,,,,,,,
,129.913,54.9676,0.6622,,,,,,,,,,
,130.013,55.0108,0.662,,,,,,,,,,
,130.113,55.0522,0.6621,,,,,,,,,,
,130.213,55.0956,0.6627,,,,,,,,,,
,130.313,55.1371,0.6627,,,,,,,,,,
,130.413,55.1802,0.6627,,,,,,,,,,
,130.513,55.2218,0.6625,,,,,,,,,,
,130.613,55.2643,0.6626,,,,,,,,,,
,130.713,55.3068,0.6631,,,,,,,,,,
,130.813,55.3487,0.663,,,,,,,,,,
,130.913,55.3916,0.6629,,,,,,,,,,
,131.013,55.4333,0.6628,,,,,,,,,,
,131.113,55.4764,0.6636,,,,,,,,,,
,131.213,55.5183,0.6638,,,,,,,,,,
,131.313,55.5609,0.6637,,,,,,,,,,
,131.413,55.6032,0.6634,,,,,,,,,,
,131.513,55.6451,0.6636,,,,,,,,,,
,131.613,55.6878,0.6641,,,,,,,,,,
,131.713,55.7296,0.6637,,,,,,,,,,
,131.813,55.7729,0.6638,,,,,,,,,,
,131.913,55.8144,0.6639,,,,,,,,,,
,132.013,55.8574,0.6643,,,,,,,,,,
,132.113,55.8994,0.6646,,,,,,,,,,
,132.213,55.9416,0.6642,,,,,,,,,,
,132.313,55.984,0.6642,,,,,,,,,,
,132.413,56.0259,0.6644,,,,,,,,,,
,132.513,56.0688,0.6649,,,,,,,,,,
,132.613,56.1107,0.6649,,,,,,,,,,
,132.713,56.154,0.665,,,,,,,,,,
,132.813,56.1957,0.6649,,,,,,,,,,
,132.913,56.2383,0.6655,,,,,,,,,,
,133.013,56.2807,0.6656,,,,,,,,,,
,133.113,56.3223,0.6655,,,,,,,,,,
,133.213,56.3651,0.6656,,,,,,,,,,
,133.313,56.4069,0.6654,,,,,,,,,,
,133.413,56.4501,0.6661,,,,,,,,,,
,133.513,56.4919,0.6664,,,,,,,,,,
,133.613,56.5349,0.6662,,,,,,,,,,
,133.713,56.5767,0.6659,,,,,,,,,,
,133.813,56.6187,0.6662,,,,,,,,,,
,133.913,56.6612,0.6667,,,,,,,,,,
,134.013,56.7032,0.6668,,,,,,,,,,
,134.113,56.7466,0.6669,,,,,,,,,,
,134.213,56.7882,0.6666,,,,,,,,,,
,134.313,56.8312,0.6671,,,,,,,,,,
,134.413,56.8731,0.6672,,,,,,,,,,
,134.513,56.9155,0.6673,,,,,,,,,,
,134.613,56.9577,0.6668,,,,,,,,,,
,134.713,56.9996,0.6672,,,,,,,,,,
,134.813,57.0424,0.6676,,,,,,,,,,
,134.913,57.0845,0.6678,,,,,,,,,,
,135.013,57.1275,0.6676,,,,,,,,,,
,135.113,57.1691,0.6675,,,,,,,,,,
,135.213,57.212,0.6679,,,,,,,,,,
,135.313,57.2539,0.6683,,,,,,,,,,
,135.413,57.2961,0.6682,,,,,,,,,,
,135.513,57.3388,0.6681,,,,,,,,,,
,135.613,57.3805,0.668,,,,,,,,,,
,135.713,57.4237,0.6687,,,,,,,,,,
,135.813,57.4655,0.6686,,,,,,,,,,
,135.913,57.5086,0.6685,,,,,,,,,,
,136.013,57.5503,0.6684,,,,,,,,,,
,136.113,57.5928,0.6689,,,,,,,,,,
,136.213,57.635,0.6691,,,,,,,,,,
,136.313,57.6773,0.6691,,,,,,,,,,
,136.413,57.7197,0.6689,,,,,,,,,,
,136.513,57.7616,0.6688,,,,,,,,,,
,136.613,57.8045,0.669,,,,,,,,,,
,136.713,57.8465,0.6696,,,,,,,,,,
,136.813,57.8895,0.6696,,,,,,,,,,
,136.913,57.9315,0.6692,,,,,,,,,,
,137.013,57.9734,0.6696,,,,,,,,,,
,137.113,58.0161,0.6698,,,,,,,,,,
,137.213,58.0579,0.6698,,,,,,,,,,
,137.313,58.1011,0.6695,,,,,,,,,,
,137.413,58.1428,0.6695,,,,,,,,,,
,137.513,58.186,0.67,,,,,,,,,,
,137.613,58.2278,0.6701,,,,,,,,,,
,137.713,58.2702,0.6702,,,,,,,,,,
,137.813,58.3123,0.6695,,,,,,,,,,
,137.913,58.3541,0.6697,,,,,,,,,,
,138.013,58.397,0.6701,,,,,,,,,,
,138.113,58.4389,0.6705,,,,,,,,,,
,138.213,58.4822,0.6704,,,,,,,,,,
,138.313,58.5241,0.67,,,,,,,,,,
,138.413,58.5667,0.6703,,,,,,,,,,
,138.513,58.6087,0.6703,,,,,,,,,,
,138.613,58.6508,0.6707,,,,,,,,,,
,138.713,58.6934,0.6703,,,,,,,,,,
,138.813,58.7352,0.6698,,,,,,,,,,
,138.913,58.7784,0.6702,,,,,,,,,,
,139.013,58.8202,0.6705,,,,,,,,,,
,139.113,58.8633,0.6708,,,,,,,,,,
,139.213,58.905,0.6702,,,,,,,,,,
,139.313,58.9472,0.6701,,,,,,,,,,
,139.413,58.9895,0.6703,,,,,,,,,,
,139.513,59.0317,0.6705,,,,,,,,,,
,139.613,59.0746,0.6702,,,,,,,,,,
,139.713,59.1166,0.67,,,,,,,,,,
,139.813,59.1591,0.6702,,,,,,,,,,
,139.913,59.2014,0.6707,,,,,,,,,,
,140.013,59.244,0.6703,,,,,,,,,,
,140.113,59.2861,0.6701,,,,,,,,,,
,140.213,59.328,0.6698,,,,,,,,,,
,140.313,59.371,0.6706,,,,,,,,,,
,140.413,59.4126,0.6702,,,,,,,,,,
,140.513,59.4559,0.6702,,,,,,,,,,
,140.613,59.4974,0.67,,,,,,,,,,
,140.713,59.5404,0.6703,,,,,,,,,,
,140.813,59.5823,0.6707,,,,,,,,,,
,140.913,59.6247,0.6703,,,,,,,,,,
,141.013,59.6671,0.6702,,,,,,,,,,
,141.113,59.709,0.6701,,,,,,,,,,
,141.213,59.7518,0.6705,,,,,,,,,,
,141.313,59.7937,0.6706,,,,,,,,,,
,141.413,59.8368,0.6704,,,,,,,,,,
,141.513,59.8787,0.6701,,,,,,,,,,
,141.613,59.9214,0.6706,,,,,,,,,,
,141.713,59.9633,0.6708,,,,,,,,,,
,141.813,60.0057,0.6704,,,,,,,,,,
,141.913,60.0479,0.6703,,,,,,,,,,
,142.013,60.0898,0.6704,,,,,,,,,,
,142.113,60.1329,0.6709,,,,,,,,,,
,142.213,60.1748,0.6709,,,,,,,,,,
,142.313,60.2179,0.6707,,,,,,,,,,
,142.413,60.2598,0.6705,,,,,,,,,,
,142.513,60.3021,0.6708,,,,,,,,,,
,142.613,60.3444,0.671,,,,,,,,,,
,142.713,60.3864,0.6705,,,,,,,,,,
,142.813,60.4291,0.6704,,,,,,,,,,
,142.913,60.4713,0.6707,,,,,,,,,,
,143.013,60.5139,0.671,,,,,,,,,,
,143.113,60.5562,0.6711,,,,,,,,,,
,143.213,60.5988,0.6708,,,,,,,,,,
,143.313,60.6406,0.6705,,,,,,,,,,
,143.413,60.6827,0.671,,,,,,,,,,
,143.513,60.7253,0.6711,,,,,,,,,,
,143.613,60.7671,0.6708,,,,,,,,,,
,143.713,60.8106,0.6709,,,,,,,,,,
,143.813,60.8523,0.6708,,,,,,,,,,
,143.913,60.8952,0.6711,,,,,,,,,,
,144.013,60.937,0.6712,,,,,,,,,,
,144.113,60.9794,0.6706,,,,,,,,,,
,144.213,61.0217,0.6706,,,,,,,,,,
,144.313,61.0638,0.671,,,,,,,,,,
,144.413,61.1065,0.6711,,,,,,,,,,
,144.513,61.1485,0.6709,,,,,,,,,,
,144.613,61.1915,0.671,,,,,,,,,,
,144.713,61.2332,0.6707,,,,,,,,,,
,144.813,61.2759,0.6712,,,,,,,,,,
,144.913,61.3179,0.6713,,,,,,,,,,
,145.013,61.3601,0.6709,,,,,,,,,,
,145.113,61.4028,0.6706,,,,,,,,,,
,145.213,61.4446,0.6711,,,,,,,,,,
,145.313,61.4876,0.6715,,,,,,,,,,
,145.413,61.5294,0.671,,,,,,,,,,
,145.513,61.5725,0.6712,,,,,,,,,,
,145.613,61.6144,0.671,,,,,,,,,,
,145.713,61.6567,0.6714,,,,,,,,,,
,145.813,61.6993,0.6717,,,,,,,,,,
,145.913,61.7411,0.6713,,,,,,,,,,
,146.013,61.784,0.6714,,,,,,,,,,
,146.113,61.8256,0.6714,,,,,,,,,,
,146.213,61.8688,0.6721,,,,,,,,,,
,146.313,61.9104,0.6719,,,,,,,,,,
,146.413,61.9534,0.6717,,,,,,,,,,
,146.513,61.9955,0.6718,,,,,,,,,,
,146.613,62.0376,0.6719,,,,,,,,,,
,146.713,62.0798,0.6722,,,,,,,,,,
,146.813,62.1219,0.672,,,,,,,,,,
,146.913,62.1649,0.6719,,,,,,,,,,
,147.013,62.207,0.6721,,,,,,,,,,
,147.113,62.25,0.6725,,,,,,,,,,
,147.213,62.2919,0.6724,,,,,,,,,,
,147.313,62.3342,0.6724,,,,,,,,,,
,147.413,62.3763,0.672,,,,,,,,,,
,147.513,62.4183,0.6725,,,,,,,,,,
,147.613,62.461,0.6729,,,,,,,,,,
,147.713,62.503,0.6727,,,,,,,,,,
,147.813,62.5461,0.6727,,,,,,,,,,
,147.913,62.588,0.6727,,,,,,,,,,
,148.013,62.6307,0.6732,,,,,,,,,,
,148.113,62.6726,0.6736,,,,,,,,,,
,148.213,62.7146,0.6727,,,,,,,,,,
,148.313,62.7574,0.6729,,,,,,,,,,
,148.413,62.7992,0.6732,,,,,,,,,,
,148.513,62.8425,0.6736,,,,,,,,,,
,148.613,62.8844,0.6736,,,,,,,,,,
,148.713,62.9273,0.6732,,,,,,,,,,
,148.813,62.969,0.6732,,,,,,,,,,
,148.913,63.0113,0.6734,,,,,,,,,,
,149.013,63.0536,0.674,,,,,,,,,,
,149.113,63.0955,0.6735,,,,,,,,,,
,149.213,63.1387,0.6732,,,,,,,,,,
,149.313,63.1805,0.6736,,,,,,,,,,
,149.413,63.2236,0.6742,,,,,,,,,,
,149.513,63.2649,0.674,,,,,,,,,,
,149.613,63.308,0.6741,,,,,,,,,,
,149.713,63.3499,0.6739,,,,,,,,,,
,149.813,63.3922,0.6738,,,,,,,,,,
,149.913,63.4346,0.674,,,,,,,,,,
,150.013,63.477,0.674,,,,,,,,,,
,150.113,63.5197,0.6739,,,,,,,,,,
,150.213,63.5616,0.6739,,,,,,,,,,
,150.313,63.6044,0.674,,,,,,,,,,
,150.413,63.6463,0.6744,,,,,,,,,,
,150.513,63.6887,0.6741,,,,,,,,,,
,150.613,63.7311,0.6741,,,,,,,,,,
,150.713,63.7731,0.6739,,,,,,,,,,
,150.813,63.8158,0.6741,,,,,,,,,,
,150.913,63.8574,0.6744,,,,,,,,,,
,151.013,63.9009,0.6741,,,,,,,,,,
,151.113,63.9425,0.6742,,,,,,,,,,
,151.213,63.9853,0.6745,,,,,,,,,,
,151.313,64.0275,0.6743,,,,,,,,,,
,151.413,64.0696,0.6746,,,,,,,,,,
,151.513,64.112,0.6742,,,,,,,,,,
,151.613,64.1539,0.6741,,,,,,,,,,
,151.713,64.197,0.6745,,,,,,,,,,
,151.813,64.2387,0.6748,,,,,,,,,,
,151.913,64.282,0.6749,,,,,,,,,,
,152.013,64.3238,0.6745,,,,,,,,,,
,152.113,64.3661,0.6746,,,,,,,,,,
,152.213,64.4082,0.6744,,,,,,,,,,
,152.313,64.4501,0.6747,,,,,,,,,,
,152.413,64.4931,0.6747,,,,,,,,,,
,152.513,64.5352,0.6747,,,,,,,,,,
,152.613,64.5784,0.6748,,,,,,,,,,
,152.713,64.6198,0.6747,,,,,,,,,,
,152.813,64.6629,0.6749,,,,,,,,,,
,152.913,64.7046,0.6747,,,,,,,,,,
,153.013,64.7468,0.6744,,,,,,,,,,
,153.113,64.7891,0.6744,,,,,,,,,,
,153.213,64.8314,0.6746,,,,,,,,,,
,153.313,64.8744,0.6753,,,,,,,,,,
,153.413,64.9165,0.6747,,,,,,,,,,
,153.513,64.9591,0.6749,,,,,,,,,,
,153.613,65.001,0.6747,,,,,,,,,,
,153.713,65.0432,0.675,,,,,,,,,,
,153.813,65.0856,0.6749,,,,,,,,,,
,153.913,65.1276,0.6748,,,,,,,,,,
,154.013,65.1708,0.6748,,,,,,,,,,
,154.113,65.2125,0.6749,,,,,,,,,,
,154.213,65.2557,0.6755,,,,,,,,,,
,154.313,65.2973,0.675,,,,,,,,,,
,154.413,65.3399,0.6749,,,,,,,,,,
,154.513,65.3819,0.6748,,,,,,,,,,
,154.613,65.424,0.6751,,,,,,,,,,
,154.713,65.4668,0.6752,,,,,,,,,,
,154.813,65.5086,0.6751,,,,,,,,,,
,154.913,65.5517,0.6752,,,,,,,,,,
,155.013,65.5934,0.6747,,,,,,,,,,
,155.113,65.6363,0.6753,,,,,,,,,,
,155.213,65.6783,0.6755,,,,,,,,,,
,155.313,65.7208,0.6753,,,,,,,,,,
,155.413,65.7629,0.675,,,,,,,,,,
,155.513,65.8051,0.6748,,,,,,,,,,
,155.613,65.8481,0.6751,,,,,,,,,,
,155.713,65.8898,0.6754,,,,,,,,,,
,155.813,65.9329,0.6757,,,,,,,,,,
,155.913,65.9745,0.6749,,,,,,,,,,
,156.013,66.0172,0.6753,,,,,,,,,,
,156.113,66.0595,0.6754,,,,,,,,,,
,156.213,66.1015,0.6754,,,,,,,,,,
,156.313,66.144,0.6751,,,,,,,,,,
,156.413,66.1857,0.675,,,,,,,,,,
,156.513,66.229,0.6754,,,,,,,,,,
,156.613,66.2709,0.6755,,,,,,,,,,
,156.713,66.314,0.6757,,,,,,,,,,
,156.813,66.3558,0.6751,,,,,,,,,,
,156.913,66.3981,0.6754,,,,,,,,,,
,157.013,66.4405,0.6755,,,,,,,,,,
,157.113,66.4822,0.6758,,,,,,,,,,
,157.213,66.5254,0.6759,,,,,,,,,,
,157.313,66.5669,0.6756,,,,,,,,,,
,157.413,66.6103,0.6758,,,,,,,,,,
,157.513,66.652,0.6758,,,,,,,,,,
,157.613,66.6946,0.6762,,,,,,,,,,
,157.713,66.7367,0.6759,,,,,,,,,,
,157.813,66.7786,0.6757,,,,,,,,,,
,157.913,66.8213,0.6757,,,,,,,,,,
,158.013,66.8632,0.6759,,,,,,,,,,
,158.113,66.9064,0.6764,,,,,,,,,,
,158.213,66.9483,0.6758,,,,,,,,,,
,158.313,66.9912,0.6758,,,,,,,,,,
,158.413,67.0332,0.6759,,,,,,,,,,
,158.513,67.0754,0.6763,,,,,,,,,,
,158.613,67.1175,0.676,,,,,,,,,,
,158.713,67.1597,0.6756,,,,,,,,,,
,158.813,67.2026,0.6757,,,,,,,,,,
,158.913,67.2445,0.6759,,,,,,,,,,
,159.013,67.2876,0.6765,,,,,,,,,,
,159.113,67.3294,0.6759,,,,,,,,,,
,159.213,67.3716,0.6758,,,,,,,,,,
,159.313,67.414,0.6758,,,,,,,,,,
,159.413,67.4559,0.6761,,,,,,,,,,
,159.513,67.4991,0.6763,,,,,,,,,,
,159.613,67.5403,0.6758,,,,,,,,,,
,159.713,67.5839,0.6757,,,,,,,,,,
,159.813,67.6256,0.6759,,,,,,,,,,
,159.913,67.6686,0.6763,,,,,,,,,,
,160.013,67.7102,0.6761,,,,,,,,,,
,160.113,67.7527,0.6759,,,,,,,,,,
,160.213,67.7951,0.6757,,,,,,,,,,
,160.313,67.8371,0.6759,,,,,,,,,,
,160.413,67.8801,0.6762,,,,,,,,,,
,160.513,67.9215,0.6759,,,,,,,,,,
,160.613,67.9648,0.6761,,,,,,,,,,
,160.713,68.0065,0.6757,,,,,,,,,,
,160.813,68.0491,0.6763,,,,,,,,,,
,160.913,68.0914,0.6763,,,,,,,,,,
,161.013,68.1334,0.676,,,,,,,,,,
,161.113,68.1761,0.676,,,,,,,,,,
,161.213,68.2181,0.6762,,,,,,,,,,
,161.313,68.261,0.6762,,,,,,,,,,
,161.413,68.3028,0.6764,,,,,,,,,,
,161.513,68.3458,0.6763,,,,,,,,,,
,161.613,68.3878,0.6763,,,,,,,,,,
,161.713,68.43,0.6764,,,,,,,,,,
,161.813,68.4724,0.6767,,,,,,,,,,
,161.913,68.5141,0.6763,,,,,,,,,,
,162.013,68.5571,0.6765,,,,,,,,,,
,162.113,68.5991,0.6764,,,,,,,,,,
,162.213,68.6424,0.677,,,,,,,,,,
,162.313,68.6841,0.677,,,,,,,,,,
,162.413,68.7263,0.6768,,,,,,,,,,
,162.513,68.7688,0.6766,,,,,,,,,,
,162.613,68.8106,0.6768,,,,,,,,,,
,162.713,68.8536,0.677,,,,,,,,,,
,162.813,68.8951,0.677,,,,,,,,,,
,162.913,68.9387,0.6772,,,,,,,,,,
,163.013,68.9803,0.6767,,,,,,,,,,
,163.113,69.0233,0.6773,,,,,,,,,,
,163.213,69.0649,0.6771,,,,,,,,,,
,163.313,69.1072,0.6768,,,,,,,,,,
,163.413,69.1495,0.6771,,,,,,,,,,
,163.513,69.1917,0.6768,,,,,,,,,,
,163.613,69.2346,0.6776,,,,,,,,,,
,163.713,69.2766,0.6772,,,,,,,,,,
,163.813,69.3196,0.6773,,,,,,,,,,
,163.913,69.3614,0.6769,,,,,,,,,,
,164.013,69.4039,0.6773,,,,,,,,,,
,164.113,69.446,0.6777,,,,,,,,,,
,164.213,69.488,0.6771,,,,,,,,,,
,164.313,69.5308,0.6771,,,,,,,,,,
,164.413,69.5727,0.6772,,,,,,,,,,
,164.513,69.6158,0.6777,,,,,,,,,,
,164.613,69.6575,0.6774,,,,,,,,,,
,164.713,69.7003,0.6772,,,,,,,,,,
,164.813,69.7423,0.6773,,,,,,,,,,
,164.913,69.7845,0.6775,,,,,,,,,,
,165.013,69.8272,0.6779,,,,,,,,,,
,165.113,69.8687,0.6774,,,,,,,,,,
,165.213,69.912,0.6774,,,,,,,,,,
,165.313,69.9538,0.6774,,,,,,,,,,
,165.413,69.997,0.6779,,,,,,,,,,
,165.513,70.0387,0.6776,,,,,,,,,,
,165.613,70.0811,0.6773,,,,,,,,,,
,165.713,70.1236,0.6775,,,,,,,,,,
,165.813,70.1654,0.6774,,,,,,,,,,
,165.913,70.2083,0.6778,,,,,,,,,,
,166.013,70.2497,0.6773,,,,,,,,,,
,166.113,70.2931,0.6774,,,,,,,,,,
,166.213,70.3348,0.6777,,,,,,,,,,
,166.313,70.3779,0.6779,,,,,,,,,,
,166.413,70.4197,0.6777,,,,,,,,,,
,166.513,70.462,0.6775,,,,,,,,,,
,166.613,70.5042,0.6776,,,,,,,,,,
,166.713,70.5463,0.6776,,,,,,,,,,
,166.813,70.5892,0.6774,,,,,,,,,,
,166.913,70.6313,0.6773,,,,,,,,,,
,167.013,70.6742,0.6776,,,,,,,,,,
,167.113,70.7161,0.6778,,,,,,,,,,
,167.213,70.7586,0.6776,,,,,,,,,,
,167.313,70.8007,0.6772,,,,,,,,,,
,167.413,70.8425,0.6773,,,,,,,,,,
,167.513,70.8852,0.6779,,,,,,,,,,
,167.613,70.9273,0.6776,,,,,,,,,,
,167.713,70.9705,0.6775,,,,,,,,,,
,167.813,71.0123,0.6776,,,,,,,,,,
,167.913,71.055,0.6781,,,,,,,,,,
,168.013,71.0972,0.678,,,,,,,,,,
,168.113,71.1391,0.6778,,,,,,,,,,
,168.213,71.1818,0.6777,,,,,,,,,,
,168.313,71.2235,0.6778,,,,,,,,,,
,168.413,71.2668,0.6782,,,,,,,,,,
,168.513,71.3085,0.6777,,,,,,,,,,
,168.613,71.3517,0.6779,,,,,,,,,,
,168.713,71.3932,0.6778,,,,,,,,,,
,168.813,71.4358,0.6785,,,,,,,,,,
,168.913,71.4778,0.678,,,,,,,,,,
,169.013,71.52,0.6778,,,,,,,,,,
,169.113,71.563,0.6782,,,,,,,,,,
,169.213,71.6048,0.6784,,,,,,,,,,
,169.313,71.6475,0.6785,,,,,,,,,,
,169.413,71.6896,0.678,,,,,,,,,,
,169.513,71.7323,0.6785,,,,,,,,,,
,169.613,71.7745,0.6787,,,,,,,,,,
,169.713,71.8167,0.6792,,,,,,,,,,
,169.813,71.8592,0.6786,,,,,,,,,,
,169.913,71.9011,0.6786,,,,,,,,,,
,170.013,71.944,0.6791,,,,,,,,,,
,170.113,71.9858,0.6794,,,,,,,,,,
,170.213,72.0287,0.6791,,,,,,,,,,
,170.313,72.0705,0.6789,,,,,,,,,,
,170.413,72.1131,0.6796,,,,,,,,,,
,170.513,72.1555,0.6798,,,,,,,,,,
,170.613,72.1973,0.6796,,,,,,,,,,
,170.713,72.2401,0.6794,,,,,,,,,,
,170.813,72.2818,0.6792,,,,,,,,,,
,170.913,72.3252,0.6803,,,,,,,,,,
,171.013,72.3669,0.6801,,,,,,,,,,
,171.113,72.4098,0.68,,,,,,,,,,
,171.213,72.452,0.68,,,,,,,,,,
,171.313,72.494,0.6803,,,,,,,,,,
,171.413,72.5364,0.6805,,,,,,,,,,
,171.513,72.5782,0.6803,,,,,,,,,,
,171.613,72.6213,0.6805,,,,,,,,,,
,171.713,72.663,0.6805,,,,,,,,,,
,171.813,72.7064,0.6812,,,,,,,,,,
,171.913,72.7482,0.6808,,,,,,,,,,
,172.013,72.7905,0.6807,,,,,,,,,,
,172.113,72.8324,0.6807,,,,,,,,,,
,172.213,72.8747,0.6812,,,,,,,,,,
,172.313,72.9174,0.6813,,,,,,,,,,
,172.413,72.9594,0.681,,,,,,,,,,
,172.513,73.0023,0.6812,,,,,,,,,,
,172.613,73.0446,0.6815,,,,,,,,,,
,172.713,73.0871,0.6819,,,,,,,,,,
,172.813,73.1291,0.6813,,,,,,,,,,
,172.913,73.171,0.6811,,,,,,,,,,
,173.013,73.2137,0.6817,,,,,,,,,,
,173.113,73.2556,0.682,,,,,,,,,,
,173.213,73.2988,0.6821,,,,,,,,,,
,173.313,73.3406,0.6817,,,,,,,,,,
,173.413,73.3835,0.6821,,,,,,,,,,
,173.513,73.4253,0.6823,,,,,,,,,,
,173.613,73.4677,0.6826,,,,,,,,,,
,173.713,73.5099,0.6825,,,,,,,,,,
,173.813,73.552,0.6822,,,,,,,,,,
,173.913,73.5949,0.6826,,,,,,,,,,
,174.013,73.6368,0.683,,,,,,,,,,
,174.113,73.6799,0.6832,,,,,,,,,,
,174.213,73.7215,0.6826,,,,,,,,,,
,174.313,73.7643,0.6828,,,,,,,,,,
,174.413,73.8063,0.6831,,,,,,,,,,
,174.513,73.8484,0.6834,,,,,,,,,,
,174.613,73.8912,0.6829,,,,,,,,,,
,174.713,73.933,0.683,,,,,,,,,,
,174.813,73.9758,0.6832,,,,,,,,,,
,174.913,74.0177,0.6836,,,,,,,,,,
,175.013,74.0609,0.6837,,,,,,,,,,
,175.113,74.1026,0.6835,,,,,,,,,,
,175.213,74.1453,0.6837,,,,,,,,,,
,175.313,74.1873,0.6838,,,,,,,,,,
,175.413,74.2297,0.6842,,,,,,,,,,
,175.513,74.2722,0.6837,,,,,,,,,,
,175.613,74.3139,0.6835,,,,,,,,,,
,175.713,74.357,0.6843,,,,,,,,,,
,175.813,74.3989,0.6842,,,,,,,,,,
,175.913,74.4417,0.6844,,,,,,,,,,
,176.013,74.4838,0.6841,,,,,,,,,,
,176.113,74.526,0.6844,,,,,,,,,,
,176.213,74.5683,0.6844,,,,,,,,,,
,176.313,74.61,0.6843,,,,,,,,,,
,176.413,74.6533,0.6845,,,,,,,,,,
,176.513,74.6951,0.6841,,,,,,,,,,
,176.613,74.7383,0.6849,,,,,,,,,,
,176.713,74.7802,0.6848,,,,,,,,,,
,176.813,74.8227,0.6845,,,,,,,,,,
,176.913,74.8645,0.6844,,,,,,,,,,
,177.013,74.9067,0.6846,,,,,,,,,,
,177.113,74.9494,0.685,,,,,,,,,,
,177.213,74.9911,0.6845,,,,,,,,,,
,177.313,75.0346,0.6845,,,,,,,,,,
,177.413,75.0764,0.6845,,,,,,,,,,
,177.513,75.1189,0.6849,,,,,,,,,,
,177.613,75.161,0.6848,,,,,,,,,,
,177.713,75.203,0.6843,,,,,,,,,,
,177.813,75.2456,0.6847,,,,,,,,,,
,177.913,75.2877,0.6848,,,,,,,,,,
,178.013,75.3306,0.6848,,,,,,,,,,
,178.113,75.3726,0.6845,,,,,,,,,,
,178.213,75.4159,0.6848,,,,,,,,,,
,178.313,75.4573,0.685,,,,,,,,,,
,178.413,75.4998,0.6848,,,,,,,,,,
,178.513,75.5419,0.6845,,,,,,,,,,
,178.613,75.5839,0.6845,,,,,,,,,,
,178.713,75.627,0.6851,,,,,,,,,,
,178.813,75.6688,0.6845,,,,,,,,,,
,178.913,75.7118,0.6847,,,,,,,,,,
,179.013,75.7534,0.6845,,,,,,,,,,
,179.113,75.7963,0.685,,,,,,,,,,
,179.213,75.8383,0.6848,,,,,,,,,,
,179.313,75.8805,0.6844,,,,,,,,,,
,179.413,75.9232,0.6846,,,,,,,,,,
,179.513,75.965,0.6847,,,,,,,,,,
,179.613,76.0082,0.6849,,,,,,,,,,
,179.713,76.0499,0.6842,,,,,,,,,,
,179.813,76.0929,0.6848,,,,,,,,,,
,179.913,76.1346,0.6848,,,,,,,,,,
,180.013,76.1771,0.6849,,,,,,,,,,
,180.113,76.2194,0.6844,,,,,,,,,,
,180.213,76.2613,0.6845,,,,,,,,,,
,180.313,76.3042,0.6847,,,,,,,,,,
,180.413,76.3458,0.6848,,,,,,,,,,
,180.513,76.389,0.6847,,,,,,,,,,
,180.613,76.431,0.6845,,,,,,,,,,
,180.713,76.4737,0.6848,,,,,,,,,,
,180.813,76.5158,0.6851,,,,,,,,,,
,180.913,76.5579,0.6848,,,,,,,,,,
,181.013,76.6005,0.6845,,,,,,,,,,
,181.113,76.6423,0.6844,,,,,,,,,,
,181.213,76.6853,0.6851,,,,,,,,,,
,181.313,76.7271,0.6849,,,,,,,,,,
,181.413,76.7702,0.6849,,,,,,,,,,
,181.513,76.8122,0.685,,,,,,,,,,
,181.613,76.8544,0.685,,,,,,,,,,
,181.713,76.8967,0.6853,,,,,,,,,,
,181.813,76.9383,0.6848,,,,,,,,,,
,181.913,76.9814,0.6851,,,,,,,,,,
,182.013,77.0233,0.685,,,,,,,,,,
,182.113,77.0667,0.6855,,,,,,,,,,
,182.213,77.1082,0.6852,,,,,,,,,,
,182.313,77.1512,0.6852,,,,,,,,,,
,182.413,77.193,0.6854,,,,,,,,,,
,182.513,77.2353,0.6857,,,,,,,,,,
,182.613,77.2776,0.6854,,,,,,,,,,
,182.713,77.3196,0.6849,,,,,,,,,,
,182.813,77.3628,0.6853,,,,,,,,,,
,182.913,77.4047,0.6855,,,,,,,,,,
,183.013,77.4476,0.6856,,,,,,,,,,
,183.113,77.4893,0.6851,,,,,,,,,,
,183.213,77.5316,0.6851,,,,,,,,,,
,183.313,77.5739,0.6853,,,,,,,,,,
,183.413,77.6158,0.6856,,,,,,,,,,
,183.513,77.6589,0.6853,,,,,,,,,,
,183.613,77.7007,0.6851,,,,,,,,,,
,183.713,77.7439,0.6854,,,,,,,,,,
,183.813,77.7857,0.6855,,,,,,,,,,
,183.913,77.8284,0.6856,,,,,,,,,,
,184.013,77.8702,0.6849,,,,,,,,,,
,184.113,77.9125,0.6853,,,,,,,,,,
,184.213,77.9552,0.6855,,,,,,,,,,
,184.313,77.997,0.6853,,,,,,,,,,
,184.413,78.04,0.6851,,,,,,,,,,
,184.513,78.0817,0.6849,,,,,,,,,,
,184.613,78.1248,0.6853,,,,,,,,,,
,184.713,78.1667,0.6856,,,,,,,,,,
,184.813,78.2089,0.6851,,,,,,,,,,
,184.913,78.2516,0.6851,,,,,,,,,,
,185.013,78.293,0.6851,,,,,,,,,,
,185.113,78.3364,0.6856,,,,,,,,,,
,185.213,78.378,0.6854,,,,,,,,,,
,185.313,78.4214,0.6853,,,,,,,,,,
,185.413,78.4626,0.6852,,,,,,,,,,
,185.513,78.5058,0.6854,,,,,,,,,,
,185.613,78.5477,0.6856,,,,,,,,,,
,185.713,78.5899,0.6852,,,,,,,,,,
,185.813,78.6324,0.685,,,,,,,,,,
,185.913,78.6743,0.6851,,,,,,,,,,
,186.013,78.7172,0.6854,,,,,,,,,,
,186.113,78.7592,0.6852,,,,,,,,,,
,186.213,78.8021,0.6852,,,,,,,,,,
,186.313,78.8441,0.6851,,,,,,,,,,
,186.413,78.8864,0.6854,,,,,,,,,,
,186.513,78.9288,0.6853,,,,,,,,,,
,186.613,78.9705,0.6849,,,,,,,,,,
,186.713,79.0137,0.6852,,,,,,,,,,
,186.813,79.0551,0.6851,,,,,,,,,,
,186.913,79.0987,0.6857,,,,,,,,,,
,187.013,79.1404,0.6853,,,,,,,,,,
,187.113,79.1829,0.6851,,,,,,,,,,
,187.213,79.225,0.6852,,,,,,,,,,
,187.313,79.267,0.6854,,,,,,,,,,
,187.413,79.3095,0.6853,,,,,,,,,,
,187.513,79.3515,0.6851,,,,,,,,,,
,187.613,79.3949,0.6857,,,,,,,,,,
,187.713,79.4363,0.6857,,,,,,,,,,
,187.813,79.4795,0.6858,,,,,,,,,,
,187.913,79.5215,0.6855,,,,,,,,,,
,188.013,79.5636,0.6854,,,,,,,,,,
,188.113,79.6062,0.6859,,,,,,,,,,
,188.213,79.6478,0.6859,,,,,,,,,,
,188.313,79.691,0.6856,,,,,,,,,,
,188.413,79.7328,0.6856,,,,,,,,,,
,188.513,79.776,0.6858,,,,,,,,,,
,188.613,79.8175,0.6859,,,,,,,,,,
,188.713,79.8601,0.6858,,,,,,,,,,
,188.813,79.9024,0.6856,,,,,,,,,,
,188.913,79.9444,0.6857,,,,,,,,,,
,189.013,79.9873,0.6859,,,,,,,,,,
,189.113,80.029,0.686,,,,,,,,,,
,189.213,80.0721,0.6859,,,,,,,,,,
,189.313,80.1139,0.6859,,,,,,,,,,
,189.413,80.1568,0.6862,,,,,,,,,,
,189.513,80.1987,0.6864,,,,,,,,,,
,189.613,80.241,0.686,,,,,,,,,,
,189.713,80.2836,0.686,,,,,,,,,,
,189.813,80.3252,0.6862,,,,,,,,,,
,189.913,80.3683,0.6866,,,,,,,,,,
,190.013,80.4099,0.6865,,,,,,,,,,
,190.113,80.4531,0.6862,,,,,,,,,,
,190.213,80.4949,0.6862,,,,,,,,,,
,190.313,80.5376,0.6867,,,,,,,,,,
,190.413,80.5797,0.6867,,,,,,,,,,
,190.513,80.6218,0.6865,,,,,,,,,,
,190.613,80.6644,0.6864,,,,,,,,,,
,190.713,80.7063,0.6865,,,,,,,,,,
,190.813,80.7494,0.687,,,,,,,,,,
,190.913,80.7912,0.6867,,,,,,,,,,
,191.013,80.8342,0.6868,,,,,,,,,,
,191.113,80.8763,0.6868,,,,,,,,,,
,191.213,80.9185,0.6869,,,,,,,,,,
,191.313,80.9608,0.6869,,,,,,,,,,
,191.413,81.0024,0.6866,,,,,,,,,,
,191.513,81.0453,0.687,,,,,,,,,,
,191.613,81.0873,0.6869,,,,,,,,,,
,191.713,81.1306,0.6873,,,,,,,,,,
,191.813,81.1725,0.6867,,,,,,,,,,
,191.913,81.2147,0.687,,,,,,,,,,
,192.013,81.2571,0.6872,,,,,,,,,,
,192.113,81.2989,0.6873,,,,,,,,,,
,192.213,81.3419,0.6869,,,,,,,,,,
,192.313,81.3837,0.6867,,,,,,,,,,
,192.413,81.427,0.6872,,,,,,,,,,
,192.513,81.4686,0.6874,,,,,,,,,,
,192.613,81.5117,0.687,,,,,,,,,,
,192.713,81.5533,0.6869,,,,,,,,,,
,192.813,81.5954,0.687,,,,,,,,,,
,192.913,81.6379,0.6874,,,,,,,,,,
,193.013,81.6799,0.687,,,,,,,,,,
,193.113,81.723,0.687,,,,,,,,,,
,193.213,81.7648,0.6869,,,,,,,,,,
,193.313,81.8077,0.6877,,,,,,,,,,
,193.413,81.8497,0.6872,,,,,,,,,,
,193.513,81.8921,0.6869,,,,,,,,,,
,193.613,81.9343,0.6871,,,,,,,,,,
,193.713,81.9765,0.6873,,,,,,,,,,
,193.813,82.0192,0.6872,,,,,,,,,,
,193.913,82.061,0.6869,,,,,,,,,,
,194.013,82.1041,0.6874,,,,,,,,,,
,194.113,82.1458,0.6872,,,,,,,,,,
,194.213,82.1886,0.6872,,,,,,,,,,
,194.313,82.2308,0.687,,,,,,,,,,
,194.413,82.273,0.687,,,,,,,,,,
,194.513,82.3156,0.6875,,,,,,,,,,
,194.613,82.3573,0.6875,,,,,,,,,,
,194.713,82.3999,0.687,,,,,,,,,,
,194.813,82.442,0.6871,,,,,,,,,,
,194.913,82.4852,0.6877,,,,,,,,,,
,195.013,82.5271,0.6876,,,,,,,,,,
,195.113,82.5694,0.6872,,,,,,,,,,
,195.213,82.612,0.6872,,,,,,,,,,
,195.313,82.6537,0.6874,,,,,,,,,,
,195.413,82.6966,0.6878,,,,,,,,,,
,195.513,82.7381,0.6869,,,,,,,,,,
,195.613,82.7814,0.6871,,,,,,,,,,
,195.713,82.8232,0.6873,,,,,,,,,,
,195.813,82.8662,0.6878,,,,,,,,,,
,195.913,82.9081,0.6874,,,,,,,,,,
,196.013,82.9503,0.6872,,,,,,,,,,
,196.113,82.9926,0.6872,,,,,,,,,,
,196.213,83.0346,0.6878,,,,,,,,,,
,196.313,83.0774,0.6876,,,,,,,,,,
,196.413,83.1194,0.6872,,,,,,,,,,
,196.513,83.1625,0.6875,,,,,,,,,,
,196.613,83.2046,0.688,,,,,,,,,,
,196.713,83.2471,0.6878,,,,,,,,,,
,196.813,83.289,0.6873,,,,,,,,,,
,196.913,83.3309,0.6876,,,,,,,,,,
,197.013,83.3738,0.6881,,,,,,,,,,
,197.113,83.4156,0.6877,,,,,,,,,,
,197.213,83.4589,0.6875,,,,,,,,,,
,197.313,83.5007,0.6875,,,,,,,,,,
,197.413,83.5433,0.688,,,,,,,,,,
,197.513,83.5854,0.6879,,,,,,,,,,
,197.613,83.6276,0.6876,,,,,,,,,,
,197.713,83.67,0.6879,,,,,,,,,,
,197.813,83.712,0.6879,,,,,,,,,,
,197.913,83.7548,0.6882,,,,,,,,,,
,198.013,83.797,0.6878,,,,,,,,,,
,198.113,83.84,0.6879,,,,,,,,,,
,198.213,83.8816,0.6879,,,,,,,,,,
,198.313,83.924,0.6884,,,,,,,,,,
,198.413,83.9663,0.6881,,,,,,,,,,
,198.513,84.0084,0.6877,,,,,,,,,,
,198.613,84.0512,0.6884,,,,,,,,,,
,198.713,84.0931,0.6884,,,,,,,,,,
,198.813,84.1361,0.6882,,,,,,,,,,
,198.913,84.1778,0.688,,,,,,,,,,
,199.013,84.2207,0.6886,,,,,,,,,,
,199.113,84.2626,0.6887,,,,,,,,,,
,199.213,84.305,0.6883,,,,,,,,,,
,199.313,84.3474,0.6883,,,,,,,,,,
,199.413,84.3895,0.6886,,,,,,,,,,
,199.513,84.4323,0.6886,,,,,,,,,,
,199.613,84.4741,0.6884,,,,,,,,,,
,199.713,84.517,0.6883,,,,,,,,,,
,199.813,84.559,0.6887,,,,,,,,,,
,199.913,84.6014,0.6889,,,,,,,,,,
,200.013,84.6438,0.6883,,,,,,,,,,
,200.113,84.6856,0.688,,,,,,,,,,
,200.213,84.7285,0.6883,,,,,,,,,,
,200.313,84.7701,0.6886,,,,,,,,,,
,200.413,84.8135,0.6885,,,,,,,,,,
,200.513,84.8552,0.6883,,,,,,,,,,
,200.613,84.898,0.6886,,,,,,,,,,
,200.713,84.9402,0.6888,,,,,,,,,,
,200.813,84.9826,0.6886,,,,,,,,,,
,200.913,85.0248,0.6882,,,,,,,,,,
,201.013,85.0666,0.6884,,,,,,,,,,
,201.113,85.1095,0.6889,,,,,,,,,,
,201.213,85.1513,0.6884,,,,,,,,,,
,201.313,85.1945,0.6883,,,,,,,,,,
,201.413,85.2364,0.6883,,,,,,,,,,
,201.513,85.279,0.6886,,,,,,,,,,
,201.613,85.3209,0.6883,,,,,,,,,,
,201.713,85.3629,0.6882,,,,,,,,,,
,201.813,85.4056,0.6884,,,,,,,,,,
,201.913,85.4479,0.6885,,,,,,,,,,
,202.013,85.4908,0.6887,,,,,,,,,,
,202.113,85.5327,0.6884,,,,,,,,,,
,202.213,85.5757,0.6886,,,,,,,,,,
,202.313,85.6174,0.6887,,,,,,,,,,
,202.413,85.6595,0.6883,,,,,,,,,,
,202.513,85.7019,0.6878,,,,,,,,,,
,202.613,85.7437,0.6878,,,,,,,,,,
,202.713,85.7871,0.6887,,,,,,,,,,
,202.813,85.8289,0.6881,,,,,,,,,,
,202.913,85.8718,0.6883,,,,,,,,,,
,203.013,85.9136,0.6882,,,,,,,,,,
,203.113,85.956,0.6887,,,,,,,,,,
,203.213,85.9982,0.6881,,,,,,,,,,
,203.313,86.0403,0.6876,,,,,,,,,,
,203.413,86.0832,0.6882,,,,,,,,,,
,203.513,86.1251,0.6883,,,,,,,,,,
,203.613,86.1684,0.6882,,,,,,,,,,
,203.713,86.2099,0.6878,,,,,,,,,,
,203.813,86.2526,0.6881,,,,,,,,,,
,203.913,86.2947,0.688,,,,,,,,,,
,204.013,86.3369,0.6882,,,,,,,,,,
,204.113,86.3795,0.6878,,,,,,,,,,
,204.213,86.4214,0.6878,,,,,,,,,,
,204.313,86.4642,0.688,,,,,,,,,,
,204.413,86.5059,0.6879,,,,,,,,,,
,204.513,86.5491,0.6879,,,,,,,,,,
,204.613,86.5911,0.6877,,,,,,,,,,
,204.713,86.6336,0.688,,,,,,,,,,
,204.813,86.6755,0.688,,,,,,,,,,
,204.913,86.7178,0.6879,,,,,,,,,,
,205.013,86.7605,0.688,,,,,,,,,,
,205.113,86.8024,0.6876,,,,,,,,,,
,205.213,86.8454,0.6882,,,,,,,,,,
,205.313,86.8872,0.6878,,,,,,,,,,
,205.413,86.9301,0.6876,,,,,,,,,,
,205.513,86.9722,0.6877,,,,,,,,,,
,205.613,87.0142,0.6882,,,,,,,,,,
,205.713,87.0566,0.6876,,,,,,,,,,
,205.813,87.0984,0.6873,,,,,,,,,,
,205.913,87.1416,0.6879,,,,,,,,,,
,206.013,87.1834,0.6882,,,,,,,,,,
,206.113,87.2267,0.688,,,,,,,,,,
,206.213,87.2683,0.6877,,,,,,,,,,
,206.313,87.3109,0.6879,,,,,,,,,,
,206.413,87.3532,0.6882,,,,,,,,,,
,206.513,87.3949,0.6878,,,,,,,,,,
,206.613,87.4377,0.6877,,,,,,,,,,
,206.713,87.4796,0.6879,,,,,,,,,,
,206.813,87.5229,0.6882,,,,,,,,,,
,206.913,87.5647,0.6878,,,,,,,,,,
,207.013,87.6074,0.6879,,,,,,,,,,
,207.113,87.6493,0.6881,,,,,,,,,,
,207.213,87.6914,0.6882,,,,,,,,,,
,207.313,87.734,0.6881,,,,,,,,,,
,207.413,87.776,0.6876,,,,,,,,,,
,207.513,87.8191,0.688,,,,,,,,,,
,207.613,87.8606,0.6881,,,,,,,,,,
,207.713,87.904,0.6886,,,,,,,,,,
,207.813,87.9458,0.688,,,,,,,,,,
,207.913,87.9881,0.6883,,,,,,,,,,
,208.013,88.0301,0.6881,,,,,,,,,,
,208.113,88.0724,0.6882,,,,,,,,,,
,208.213,88.1153,0.688,,,,,,,,,,
,208.313,88.1572,0.6881,,,,,,,,,,
,208.413,88.2002,0.6886,,,,,,,,,,
,208.513,88.2418,0.6884,,,,,,,,,,
,208.613,88.2846,0.6884,,,,,,,,,,
,208.713,88.3266,0.6881,,,,,,,,,,
,208.813,88.3688,0.6885,,,,,,,,,,
,208.913,88.4115,0.6886,,,,,,,,,,
,209.013,88.4532,0.6881,,,,,,,,,,
,209.113,88.4964,0.6885,,,,,,,,,,
,209.213,88.5382,0.6889,,,,,,,,,,
,209.313,88.5813,0.6888,,,,,,,,,,
,209.413,88.6228,0.6882,,,,,,,,,,
,209.513,88.6654,0.6886,,,,,,,,,,
,209.613,88.7078,0.6889,,,,,,,,,,
,209.713,88.7497,0.6888,,,,,,,,,,
,209.813,88.7924,0.6884,,,,,,,,,,
,209.913,88.8343,0.6885,,,,,,,,,,
,210.013,88.8774,0.689,,,,,,,,,,
,210.113,88.9193,0.6888,,,,,,,,,,
,210.213,88.9619,0.6888,,,,,,,,,,
,210.313,89.0039,0.6888,,,,,,,,,,
,210.413,89.0462,0.6893,,,,,,,,,,
,210.513,89.0889,0.6892,,,,,,,,,,
,210.613,89.1307,0.6889,,,,,,,,,,
,210.713,89.1738,0.6891,,,,,,,,,,
,210.813,89.2151,0.6891,,,,,,,,,,
,210.913,89.2587,0.6895,,,,,,,,,,
,211.013,89.3005,0.6892,,,,,,,,,,
,211.113,89.3428,0.689,,,,,,,,,,
,211.213,89.385,0.6894,,,,,,,,,,
,211.313,89.4268,0.6897,,,,,,,,,,
,211.413,89.4697,0.6892,,,,,,,,,,
,211.513,89.5117,0.6891,,,,,,,,,,
,211.613,89.555,0.6897,,,,,,,,,,
,211.713,89.5966,0.6896,,,,,,,,,,
,211.813,89.6396,0.6897,,,,,,,,,,
,211.913,89.6813,0.6896,,,,,,,,,,
,212.013,89.7234,0.6896,,,,,,,,,,
,212.113,89.7661,0.69,,,,,,,,,,
,212.213,89.8078,0.6896,,,,,,,,,,
,212.313,89.8513,0.6896,,,,,,,,,,
,212.413,89.8929,0.6896,,,,,,,,,,
,212.513,89.936,0.6899,,,,,,,,,,
,212.613,89.9776,0.6899,,,,,,,,,,
,212.713,90.0199,0.6898,,,,,,,,,,
,212.813,90.0621,0.6895,,,,,,,,,,
,212.913,90.1044,0.6899,,,,,,,,,,
,213.013,90.1471,0.6901,,,,,,,,,,
,213.113,90.1891,0.6897,,,,,,,,,,
,213.213,90.2321,0.6896,,,,,,,,,,
,213.313,90.274,0.6899,,,,,,,,,,
,213.413,90.3166,0.6902,,,,,,,,,,
,213.513,90.3586,0.6899,,,,,,,,,,
,213.613,90.4009,0.6896,,,,,,,,,,
,213.713,90.4437,0.6897,,,,,,,,,,
,213.813,90.4853,0.6899,,,,,,,,,,
,213.913,90.5285,0.6901,,,,,,,,,,
,214.013,90.57,0.6895,,,,,,,,,,
,214.113,90.613,0.6897,,,,,,,,,,
,214.213,90.655,0.6899,,,,,,,,,,
,214.313,90.6974,0.69,,,,,,,,,,
,214.413,90.7399,0.6898,,,,,,,,,,
,214.513,90.7815,0.6894,,,,,,,,,,
,214.613,90.8247,0.6897,,,,,,,,,,
,214.713,90.8662,0.69,,,,,,,,,,
,214.813,90.9097,0.6898,,,,,,,,,,
,214.913,90.9512,0.6893,,,,,,,,,,
,215.013,90.9942,0.6898,,,,,,,,,,
,215.113,91.0362,0.6898,,,,,,,,,,
,215.213,91.0782,0.6893,,,,,,,,,,
,215.313,91.1207,0.6895,,,,,,,,,,
,215.413,91.1625,0.6898,,,,,,,,,,
,215.513,91.2055,0.69,,,,,,,,,,
,215.613,91.2475,0.6894,,,,,,,,,,
,215.713,91.2904,0.6893,,,,,,,,,,
,215.813,91.3325,0.6896,,,,,,,,,,
,215.913,91.3747,0.69,,,,,,,,,,
,216.013,91.417,0.6895,,,,,,,,,,
,216.113,91.459,0.6892,,,,,,,,,,
,216.213,91.5017,0.6895,,,,,,,,,,
,216.313,91.5437,0.6897,,,,,,,,,,
,216.413,91.5869,0.6895,,,,,,,,,,
,216.513,91.6289,0.6891,,,,,,,,,,
,216.613,91.6714,0.6893,,,,,,,,,,
,216.713,91.7134,0.6896,,,,,,,,,,
,216.813,91.7553,0.6891,,,,,,,,,,
,216.913,91.798,0.6889,,,,,,,,,,
,217.013,91.8399,0.689,,,,,,,,,,
,217.113,91.8833,0.6895,,,,,,,,,,
,217.213,91.9248,0.6893,,,,,,,,,,
,217.313,91.9676,0.6891,,,,,,,,,,
,217.413,92.0097,0.6891,,,,,,,,,,
,217.513,92.0519,0.6891,,,,,,,,,,
,217.613,92.0943,0.6891,,,,,,,,,,
,217.713,92.1362,0.6886,,,,,,,,,,
,217.813,92.1795,0.6888,,,,,,,,,,
,217.913,92.2211,0.689,,,,,,,,,,
,218.013,92.2643,0.6892,,,,,,,,,,
,218.113,92.3059,0.6887,,,,,,,,,,
,218.213,92.3485,0.6886,,,,,,,,,,
,218.313,92.3906,0.6888,,,,,,,,,,
,218.413,92.4329,0.6889,,,,,,,,,,
,218.513,92.4756,0.6887,,,,,,,,,,
,218.613,92.5173,0.6885,,,,,,,,,,
,218.713,92.5602,0.6888,,,,,,,,,,
,218.813,92.6022,0.689,,,,,,,,,,
,218.913,92.6449,0.6887,,,,,,,,,,
,219.013,92.6871,0.6885,,,,,,,,,,
,219.113,92.7293,0.689,,,,,,,,,,
,219.213,92.772,0.6891,,,,,,,,,,
,219.313,92.8135,0.6888,,,,,,,,,,
,219.413,92.8566,0.6887,,,,,,,,,,
,219.513,92.8982,0.6887,,,,,,,,,,
,219.613,92.9415,0.6892,,,,,,,,,,
,219.713,92.9833,0.6886,,,,,,,,,,
,219.813,93.026,0.6886,,,,,,,,,,
,219.913,93.068,0.6887,,,,,,,,,,
,220.013,93.11,0.6891,,,,,,,,,,
,220.113,93.1527,0.6887,,,,,,,,,,
,220.213,93.1946,0.6884,,,,,,,,,,
,220.313,93.2377,0.6888,,,,,,,,,,
,220.413,93.2797,0.6892,,,,,,,,,,
,220.513,93.3223,0.6888,,,,,,,,,,
,220.613,93.3647,0.6886,,,,,,,,,,
,220.713,93.4067,0.6887,,,,,,,,,,
,220.813,93.4491,0.689,,,,,,,,,,
,220.913,93.4906,0.6886,,,,,,,,,,
,221.013,93.5338,0.6889,,,,,,,,,,
,221.113,93.5757,0.6887,,,,,,,,,,
,221.213,93.6189,0.6895,,,,,,,,,,
,221.313,93.6607,0.6889,,,,,,,,,,
,221.413,93.7033,0.6888,,,,,,,,,,
,221.513,93.7454,0.6888,,,,,,,,,,
,221.613,93.7873,0.6889,,,,,,,,,,
,221.713,93.83,0.689,,,,,,,,,,
,221.813,93.8719,0.6885,,,,,,,,,,
,221.913,93.9152,0.6888,,,,,,,,,,
,222.013,93.9571,0.6892,,,,,,,,,,
,222.113,94,0.6894,,,,,,,,,,
,222.213,94.0417,0.689,,,,,,,,,,
,222.313,94.0838,0.6888,,,,,,,,,,
,222.413,94.1263,0.6893,,,,,,,,,,
,222.513,94.1682,0.689,,,,,,,,,,
,222.613,94.2113,0.6889,,,,,,,,,,
,222.713,94.2531,0.6889,,,,,,,,,,
,222.813,94.2962,0.6894,,,,,,,,,,
,222.913,94.3379,0.6892,,,,,,,,,,
,223.013,94.3806,0.689,,,,,,,,,,
,223.113,94.4226,0.6891,,,,,,,,,,
,223.213,94.4647,0.6892,,,,,,,,,,
,223.313,94.5075,0.6894,,,,,,,,,,
,223.413,94.5495,0.6892,,,,,,,,,,
,223.513,94.5925,0.6891,,,,,,,,,,
,223.613,94.6343,0.6893,,,,,,,,,,
,223.713,94.6769,0.6894,,,,,,,,,,
,223.813,94.719,0.689,,,,,,,,,,
,223.913,94.7613,0.6895,,,,,,,,,,
,224.013,94.8038,0.6894,,,,,,,,,,
,224.113,94.8457,0.6894,,,,,,,,,,
,224.213,94.8884,0.689,,,,,,,,,,
,224.313,94.9303,0.6891,,,,,,,,,,
,224.413,94.9734,0.6897,,,,,,,,,,
,224.513,95.0154,0.6896,,,,,,,,,,
,224.613,95.0579,0.6892,,,,,,,,,,
,224.713,95.1002,0.6897,,,,,,,,,,
,224.813,95.1422,0.6896,,,,,,,,,,
,224.913,95.1849,0.6894,,,,,,,,,,
,225.013,95.2266,0.6892,,,,,,,,,,
,225.113,95.2697,0.6894,,,,,,,,,,
,225.213,95.3114,0.6896,,,,,,,,,,
,225.313,95.3545,0.6893,,,,,,,,,,
,225.413,95.3964,0.6891,,,,,,,,,,
,225.513,95.4387,0.6894,,,,,,,,,,
,225.613,95.481,0.6895,,,,,,,,,,
,225.713,95.5228,0.6891,,,,,,,,,,
,225.813,95.5658,0.6891,,,,,,,,,,
,225.913,95.6076,0.6893,,,,,,,,,,
,226.013,95.6508,0.6898,,,,,,,,,,
,226.113,95.6928,0.689,,,,,,,,,,
,226.213,95.7355,0.6894,,,,,,,,,,
,226.313,95.7775,0.6894,,,,,,,,,,
,226.413,95.8192,0.6893,,,,,,,,,,
,226.513,95.862,0.6892,,,,,,,,,,
,226.613,95.9039,0.6889,,,,,,,,,,
,226.713,95.9471,0.6897,,,,,,,,,,
,226.813,95.989,0.6892,,,,,,,,,,
,226.913,96.0318,0.6893,,,,,,,,,,
,227.013,96.0736,0.689,,,,,,,,,,
,227.113,96.1159,0.6892,,,,,,,,,,
,227.213,96.1583,0.6891,,,,,,,,,,
,227.313,96.2004,0.6891,,,,,,,,,,
,227.413,96.2431,0.689,,,,,,,,,,
,227.513,96.2852,0.6893,,,,,,,,,,
,227.613,96.3284,0.6893,,,,,,,,,,
,227.713,96.3701,0.689,,,,,,,,,,
,227.813,96.4124,0.6892,,,,,,,,,,
,227.913,96.4547,0.6894,,,,,,,,,,
,228.013,96.4967,0.6893,,,,,,,,,,
,228.113,96.5396,0.6891,,,,,,,,,,
,228.213,96.5814,0.689,,,,,,,,,,
,228.313,96.6245,0.6897,,,,,,,,,,
,228.413,96.6661,0.6893,,,,,,,,,,
,228.513,96.7091,0.6892,,,,,,,,,,
,228.613,96.7508,0.6893,,,,,,,,,,
,228.713,96.7933,0.6896,,,,,,,,,,
,228.813,96.8357,0.6896,,,,,,,,,,
,228.913,96.8778,0.6891,,,,,,,,,,
,229.013,96.9206,0.6893,,,,,,,,,,
,229.113,96.9625,0.6898,,,,,,,,,,
,229.213,97.0054,0.6894,,,,,,,,,,
,229.313,97.0474,0.6891,,,,,,,,,,
,229.413,97.0899,0.6895,,,,,,,,,,
,229.513,97.1322,0.6899,,,,,,,,,,
,229.613,97.1741,0.6895,,,,,,,,,,
,229.713,97.2166,0.6892,,,,,,,,,,
,229.813,97.2586,0.6895,,,,,,,,,,
,229.913,97.3017,0.6899,,,,,,,,,,
,230.013,97.3437,0.6893,,,,,,,,,,
,230.113,97.3865,0.6894,,,,,,,,,,
,230.213,97.4282,0.6896,,,,,,,,,,
,230.313,97.4708,0.6898,,,,,,,,,,
,230.413,97.5131,0.6893,,,,,,,,,,
,230.513,97.5549,0.689,,,,,,,,,,
,230.613,97.5978,0.6896,,,,,,,,,,
,230.713,97.6397,0.6896,,,,,,,,,,
,230.813,97.683,0.6896,,,,,,,,,,
,230.913,97.7249,0.6892,,,,,,,,,,
,231.013,97.7673,0.6897,,,,,,,,,,
,231.113,97.8093,0.6897,,,,,,,,,,
,231.213,97.8513,0.6892,,,,,,,,,,
,231.313,97.894,0.6896,,,,,,,,,,
,231.413,97.9359,0.69,,,,,,,,,,
,231.513,97.9792,0.6898,,,,,,,,,,
,231.613,98.021,0.6896,,,,,,,,,,
,231.713,98.064,0.69,,,,,,,,,,
,231.813,98.1057,0.69,,,,,,,,,,
,231.913,98.148,0.6896,,,,,,,,,,
,232.013,98.1901,0.6897,,,,,,,,,,
,232.113,98.2323,0.6899,,,,,,,,,,
,232.213,98.2753,0.6903,,,,,,,,,,
,232.313,98.3172,0.6895,,,,,,,,,,
,232.413,98.3601,0.6899,,,,,,,,,,
,232.513,98.402,0.6902,,,,,,,,,,
,232.613,98.4444,0.69,,,,,,,,,,
,232.713,98.4866,0.6898,,,,,,,,,,
,232.813,98.5287,0.6898,,,,,,,,,,
,232.913,98.5714,0.6902,,,,,,,,,,
,233.013,98.6133,0.6899,,,,,,,,,,
,233.113,98.6567,0.6899,,,,,,,,,,
,233.213,98.6982,0.6903,,,,,,,,,,
,233.313,98.7412,0.6901,,,,,,,,,,
,233.413,98.7828,0.6898,,,,,,,,,,
,233.513,98.8253,0.6899,,,,,,,,,,
,233.613,98.8679,0.6904,,,,,,,,,,
,233.713,98.9097,0.6902,,,,,,,,,,
,233.813,98.9524,0.69,,,,,,,,,,
,233.913,98.9944,0.6901,,,,,,,,,,
,234.013,99.0375,0.6905,,,,,,,,,,
,234.113,99.0793,0.6901,,,,,,,,,,
,234.213,99.1219,0.6902,,,,,,,,,,
,234.313,99.1641,0.6904,,,,,,,,,,
,234.413,99.2061,0.6907,,,,,,,,,,
,234.513,99.2488,0.6901,,,,,,,,,,
,234.613,99.2907,0.6902,,,,,,,,,,
,234.713,99.3339,0.6907,,,,,,,,,,
,234.813,99.3756,0.6906,,,,,,,,,,
,234.913,99.4184,0.6904,,,,,,,,,,
,235.013,99.4605,0.6904,,,,,,,,,,
,235.113,99.5026,0.6906,,,,,,,,,,
,235.213,99.5449,0.6905,,,,,,,,,,
,235.313,99.5868,0.6902,,,,,,,,,,
,235.413,99.6299,0.6905,,,,,,,,,,
,235.513,99.6718,0.6908,,,,,,,,,,
,235.613,99.7148,0.6906,,,,,,,,,,
,235.713,99.7568,0.6905,,,,,,,,,,
,235.813,99.7993,0.6908,,,,,,,,,,
,235.913,99.8414,0.6908,,,,,,,,,,
,236.013,99.8832,0.6903,,,,,,,,,,
,236.113,99.9262,0.6905,,,,,,,,,,
,236.213,99.9678,0.6908,,,,,,,,,,
,236.313,100.0114,0.6909,,,,,,,,,,
,236.413,100.0531,0.6904,,,,,,,,,,
,236.513,100.0958,0.691,,,,,,,,,,
,236.613,100.1376,0.6909,,,,,,,,,,
,236.713,100.1797,0.6904,,,,,,,,,,
,236.756,100.1987,0.6908,,,,,,,,,,
